date,supplier,total,invoice,notes,Unnamed: 5,Unnamed: 6,Unnamed: 7,Unnamed: 8
2563-12-10,ช.ทรัพย์สินไทย,5350,IV6312181,,,,,
2563-12-10,ช.ทรัพย์สินไทย,23872.77,IV6312182,,,,,
2563-12-21,ช.ทรัพย์สินไทย,62334.99,IV6312328,กสิกร 25/2/2564 # 29776188,,,,
2563-12-21,ช.ทรัพย์สินไทย,48843.36,IV6312329,,,,,
2563-12-21,ช.ทรัพย์สินไทย,257677.4,IV6312330,,,,,
2563-12-04,ออโต้ สมาร์ท เทค,16138.81,202012048,กสิกร 18/1/64 # 29776153,,,,
2563-12-09,ออโต้ สมาร์ท เทค,5014.72,202012093,กสิกร 18/1/64 # 29776153,,,,
2563-12-04,ทาเลนท์อินเตอร์เทรด,5164.89,IV2004866,โอน กสิกร 22/3/64,,,,
2563-12-09,ทาเลนท์อินเตอร์เทรด,10740.66,IV2005155,โอน กสิกร 22/3/64,,,,
2563-12-12,ทาเลนท์อินเตอร์เทรด,3477.5,IV2005355,โอน กสิกร 22/3/64,,,,
2563-12-21,กิ๊บน๊อต / ร้านต้นคิด   ,350,(บิล 21/12/63),โอน BBL 054-716-1281,,,,
2563-12-22,กิ๊บน๊อต / ร้านต้นคิด   ,1400,(บิล 22/12/63),โอน BBL 054-716-1281,,,,
2563-12-21,กิ๊บน๊อต / ร้านต้นคิด   ,1250,(บิล 21/12/63),โอน BBL 054-716-1281,,,,
,โสภา การยาง เดือน 12/63,8400,,โอน 10/2/64,,,,
,ชื่อร้านค้า,ยอดรวม,เลขที่บิล,หมายเหตุ,,,,
2564-01-04,ทาเลนท์ อินเตอร์เทรด,5558.65,IV2106105,โอน กสิกร 29/4/64,,,,
2564-01-14,ทาเลนท์ อินเตอร์เทรด,5253.7,IV2106825,โอน กสิกร 29/4/64,,,,
2564-01-16,ทาเลนท์ อินเตอร์เทรด,5002.25,IV2106982,โอน กสิกร 29/4/64,,,,
2564-01-19,ทาเลนท์ อินเตอร์เทรด,3557.75,IV2107097,โอน กสิกร 29/4/64,,,,
2564-01-19,ทาเลนท์ อินเตอร์เทรด,4108.8,IV2107098,โอน กสิกร 29/4/64,,,,
2564-01-20,ทาเลนท์ อินเตอร์เทรด,952.3,IV2107157,โอน กสิกร 29/4/64,,,,
2564-01-22,ทาเลนท์ อินเตอร์เทรด,347.75,IV2107365,โอน กสิกร 29/4/64,,,,
2564-01-25,ทาเลนท์ อินเตอร์เทรด,695.5,IV2107490,โอน กสิกร 29/4/64,,,,
2564-01-11,ออโต้ สมาร์ท เทค,7597,202101073,กสิกร 25/2/64 #29776154,,,,
2564-01-23,ออโต้ สมาร์ท เทค,12358.18,202101191,,,,,
2564-01-11,ช.ทรัพย์สินไทย,6509.88,IV6401131,,,98610.13,,
2564-01-22,ช.ทรัพย์สินไทย,50249.34,IV6401318,กสิกร 25/3/64 # 29776189,,,,
2564-01-22,ช.ทรัพย์สินไทย,24353.2,IV6401319,,,,,
2564-01-27,ช.ทรัพย์สินไทย,17497.71,IV6401383,,,,,
2564-01-12,ไทยนคร,20009,IV6401/0434,กสิกร 13/3/64 #29776190 ,,,,
2564-01-06,บุญยาง,9800,,"บิล 19,21,26/12/63",,,,
2564-01-11,ร้านจิตต์ อะไหล่ ,18587,,Due 21/63 - 9/1/2564,,,,
,โสภา เดือน 1/2564,7400,,โอน 10/2/64,,,,
,ศรีสยาม (11 - 17/1/2564),43266.41,,กสิกร 17/2/64 #29776181,,,,
,ศรีสยาม (11 - 17/1/2564),18745.95,,กสิกร 17/3/64 #29776182,,,,
,ศรีสยาม (18 - 24/1/2564),54337.96,,กสิกร 24/2/64 #29776183,,,,
,ศรีสยาม (18 - 24/1/2564),1171,,กสิกร 1/3/64 #29776184,,,,
,ศรีสยาม (25 - 31/1/2564),50033.1,,กสิกร 1/3/64 #29776184,,,,
,ศรีสยาม (25 - 31/1/2564),26229.24,,กสิกร 31/3/64 #29776185,,,,
,ร้านจิตต์ อะไหล่ Due 21/63 - 9/1/2564,18587,,โอน 11/1/64,,,,
,ร้านจิตต์ อะไหล่ Due 11 - 16/1/2564,30560,,โอน 18/1/64,,,,
,ร้านจิตต์ อะไหล่ Due 18 - 23/1/2564,19727,,โอน 25/1/64,,,,
,ร้านจิตต์ อะไหล่ Due 25 - 30/1/2564,18909,,โอน 1/2/64,,,,
2564-01-20,กิ๊บน๊อต / ร้านต้นคิด   ,3050,,โอน BBL 054-716-1281,,,,
2564-01-25,กิ๊บน๊อต / ร้านต้นคิด   ,1200,,โอน BBL 054-716-1281,,,,
2564-01-27,กิ๊บน๊อต / ร้านต้นคิด   ,1200,,โอน BBL 054-716-1281,,,,
,ชื่อร้านค้า,ยอดรวม,เลขที่บิล,หมายเหตุ,,,,
2564-02-22,ออโต้ สมาร์ท เทค,16192.31,202102219,กสิกร 8/4/64 #29776187,,,,
2564-02-04,ออโต้ สมาร์ท เทค,20758,202102058,,,,,
2564-02-02,ทาเลนท์ อินเตอร์เทรด,7896.6,IV2107962,โอน กสิกร 26/5/64,,,,
2564-02-08,ทาเลนท์ อินเตอร์เทรด,5562.93,IV2108489,โอน กสิกร 26/5/64,,,,
2564-02-11,ทาเลนท์ อินเตอร์เทรด,410.88,IV2108684,โอน กสิกร 26/5/64,,,,
2564-02-23,ทาเลนท์ อินเตอร์เทรด,25136.44,IV2109422,โอน กสิกร 26/5/64,,,,
2564-02-26,ทาเลนท์ อินเตอร์เทรด,8474.4,IV6402402,,,,,
2564-02-15,ช.ทรัพย์สินไทย,14233.14,IV6402216,,,277958.18,,
2564-02-23,ช.ทรัพย์สินไทย,98341.56,IV6402347,,,,,
2564-02-23,ช.ทรัพย์สินไทย,158873.6,IV6402348,,,,,
2564-02-24,ช.ทรัพย์สินไทย,6509.88,IV6402373,,,,,
,ศรีสยาม (1 - 7/2/2564),72633.69,,กสิกร 7/3/64 #29776186,,,,
,ร้านจิตต์ อะไหล่ Due 1 - 6/2/2564,22261,,โอน 8/2/64,,,,
,ร้านจิตต์ อะไหล่ Due 8 - 13/2/2564,12978,,โอน 15/2/64,,,,
,ร้านจิตต์ อะไหล่ Due 15 - 20/2/2564,25842,,โอน 22/2/64,,,,
,ร้านจิตต์ อะไหล่ Due 22 - 27/2/2564,22750,,โอน 1/3/64,,,,
,ศรีสยาม (8 - 14/2/2564),24421.38,,กสิกร 19/3/64 #29776194,,,,
,ศรีสยาม (8 - 14/2/2564),3480,,กสิกร 14/4/64 #29776195,,,,
,ศรีสยาม (15 - 21/2/2564),39053.6,,กสิกร 19/3/64 #29776194,,,,
,ศรีสยาม (15 - 21/2/2564),19550,,กสิกร 20/4/64 #29776196,,,,
,ศรีสยาม (22 - 28/2/2564),65826.54,,กสิกร 28/3/64 #29776197,,,,
,ศรีสยาม (22 - 28/2/2564),14189,,กสิกร 28/4/64 #29776198,,,,
,ศรีสยาม (1 - 7/3/2564),63653.37,,กสิกร 7/4/64 #29776199,,,,
,ศรีสยาม (1 - 7/3/2564),7490,,กสิกร 7/5/64 #29776200,,,,
,ศรีสยาม (8 - 14/3/2564),53247.7,,กสิกร 14/4/64 #29776195,,,,
,ศรีสยาม (8 - 14/3/2564),13210,,กสิกร 14/5/64 #29776201,,,,
2564-02-24,กิ๊บน๊อต / ร้านต้นคิด   ,2730,,,,,,
2564-02-06,กิ๊บน๊อต / ร้านต้นคิด   ,450,,โอน BBL 054-716-1281,,,,
2564-02-24,กิ๊บน๊อต / ร้านต้นคิด   ,2730,,โอน BBL 054-716-1281,,,,
,ชื่อร้านค้า,ยอดรวม,เลขที่บิล,หมายเหตุ,,,,
2564-03-08,ห้างหุ้นส่วนจำกัด พี.บี.เพ้นต์,51360,64/143,กสิกร 8/3/64 #29776191,,,,
2564-03-06,ออโต้ สมาร์ท เทค,9915.32,202103064,กสิกร 20/4/64 #29776192,,,,
2564-03-19,ออโต้ สมาร์ท เทค,9523,202103181,กสิกร 3/5/64 #29776193,,,,
2564-03-26,ออโต้ สมาร์ท เทค,16205.79,202103247,กสิกร 10/5/64 #29776169,,,,
2564-03-02,ไทยนครพัฒนา,22202.5,IV6403/0098,กสิกร 1/5/64 #29776177,,,,
2564-03-24,ช.ทรัพย์สินไทย,164373.4,IV6403351,,,293434.66,,
2564-03-24,ช.ทรัพย์สินไทย,67891.5,IV6403349,,,,,
2564-03-24,ช.ทรัพย์สินไทย,50470.83,IV6403350,,,,,
2564-03-29,ช.ทรัพย์สินไทย,10698.93,IV6403386,,,,,
2564-03-24,ซี.เอส. รีฟินิช,12078.16,IV6403067,,,,,
2564-03-11,ทาเลนท์อินเตอร์เทรด,2471.7,IV6400821,,,,,
2564-03-19,ทาเลนท์อินเตอร์เทรด,13738.8,IV6401389,,,,,
2564-03-29,ทาเลนท์อินเตอร์เทรด,10700,IV6402058,,,,,
2564-03-20,กิ๊บน๊อต / ร้านต้นคิด   ,1200,,โอน 15/7/64,,,,
,ร้านจิตต์ อะไหล่ Due 1 - 6/3/2564,14565,,โอน 10/3/64,,,,
,ร้านจิตต์ อะไหล่ Due 8 - 13/3/2564,20092,,โอน 15/3/64,,,,
,ศรีสยาม Due 15 - 21/3/2564,47140,,กสิกร 21/4/64 # 29776171,,,,
,ศรีสยาม Due 15 - 21/3/2564,18624,,กสิกร 21/5/64 # 29776172,,,,
,ศรีสยาม Due 22 - 28/3/2564,51491,,กสิกร 28/4/64 # 29776173,,,,
,ศรีสยาม Due 22 - 28/3/2564,8396,,กสิกร 28/5/64 # 29776174,,,,
,ศรีสยาม Due 29/3 - 4/4/2564,70580,,กสิกร 4/5/64 # 29776175,,,,
,ศรีสยาม Due 29/3 - 4/4/2564,7034,,กสิกร 4/6/64 # 29776176,,,,
2564-03-10,กิ๊บน๊อต / ร้านต้นคิด   ,2400,,โอน BBL 054-716-1281,,,,
2564-03-11,ทาเลนท์อินเตอร์เทรด,2471.7,IV6400821,โอน 27/6/64,,,,
2564-03-19,ทาเลนท์อินเตอร์เทรด,13738.8,IV6401389,โอน 27/6/64,,,,
2564-03-29,ทาเลนท์อินเตอร์เทรด,10700,IV6402058,โอน 27/6/64,,,,
,ชื่อร้านค้า,ยอดรวม,เลขที่บิล,หมายเหตุ,,,,
2564-04-05,ห้างหุ้นส่วนจำกัด พี.บี.เพ้นต์,82176,64/210,กสิกร 30/6/64 #29776170,,,,
2564-04-01,ไทยนครพัฒนา (1982),20009,IV6404/0086,โอน กสิกร 21/5/64,,,,
2564-04-26,ช.ทรัพย์สินไทย,23853.51,IV6404284,,,28347.51,,
2564-04-26,ช.ทรัพย์สินไทย,4494,IV6404285,,,,,
,ร้านจิตต์ อะไหล่ Due 29/3 - 3/4/2564,16246,,โอน 5/4/2564,,,,
,ร้านจิตต์ อะไหล่ Due 5 - 17/4/2564,10842,,โอน 19/4/2564,,,,
,ร้านจิตต์ อะไหล่ Due 19 - 24/4/2564,24898,,โอน 26/4/2564,,,,
,ร้านจิตต์ อะไหล่ Due 26/4 - 1/5/2564,30325,,โอน 3/5/64,,,,
2564-04-22,ฟิลเตอร์ใยกรองห้องพ่นสี (ปูพื้น) / พีซี แมชชีนเนอรี่ แอนด์ ทูลส์    (930*10ม้วน)+VAT 7%  ปูพื้น  -- ขนาด 0.75 m *20 m * (T) 70 mm,9951,,โอน 22/4/2564,,,,
2564-04-02,ทาเลนท์อินเตอร์เทรด,3017.4,IV6402375,โอน 9/8/64,,,,
,ชื่อร้านค้า,ยอดรวม,เลขที่บิล,หมายเหตุ,,,,
2564-05-06,ออโต้ สมาร์ท เทค,8560,202105055,กสิกร 20/6/64 #29776203,,,,
2564-05-03,ทาเลนท์อินเตอร์เทรด,18081.93,IV6403799,โอน 23/8/64,,,,
2564-05-04,ทาเลนท์อินเตอร์เทรด,1043.25,IV6403907,โอน 23/8/64,,,,
2564-05-24,ทาเลนท์อินเตอร์เทรด,9416,IV6405125,โอน 23/8/64,,,,
2564-05-24,ออโต้ สมาร์ท เทค,12718.72,202105215,,,,,
2564-05-21,ช.ทรัพย์สินไทย,9360.36,IV6405324,,,284449.87,,
2564-05-21,ช.ทรัพย์สินไทย,145883.8,IV6405334,,,,,
2564-05-21,ช.ทรัพย์สินไทย,44336.52,IV6405333,,,,,
2564-05-21,ช.ทรัพย์สินไทย,57279.24,IV6405332,,,,,
2564-05-24,ช.ทรัพย์สินไทย,1637.1,IV6405340,,,,,
2564-05-24,ช.ทรัพย์สินไทย,7447.2,IV6405341,,,,,
2564-05-28,ช.ทรัพย์สินไทย,16050,IV6405437,,,,,
2564-05-31,ช.ทรัพย์สินไทย,2455.65,IV6405455,,,,,
,ร้านจิตต์ อะไหล่ Due 3 - 8/5/2564,22049,,โอน 10/5/64,,,,
,ร้านจิตต์ อะไหล่ Due 10 - 15/5/2564,25341,,โอน 17/5/64,,,,
,ร้านจิตต์ อะไหล่ Due 17 - 22/5/2564,39670,,โอน 24/5/64,,,,
,ร้านจิตต์ อะไหล่ Due 24 - 29/5/2564,15375,,โอน 31/5/64,,,,
,ศรีสยาม Due 10/5/64 - 16/5/64,48999,,เช็ค KB 16/6/64 #29776215,,,,
,ศรีสยาม Due 10/5/64 - 16/5/64,13517,,เช็ค KB 16/7/64 #29776216,,,,
,ศรีสยาม Due 17/5/64 - 23/5/64,20604,,เช็ค KB 23/6/64 #29776217,,,,
,ศรีสยาม Due 17/5/64 - 23/5/64,16096,,เช็ค KB 23/7/64 #29776218,,,,
,ศรีสยาม Due 24/5/64 - 30/5/64,26133,,เช็ค KB 30/6/64 #29776219,,,,
,ศรีสยาม Due 24/5/64 - 30/5/64,31453,,เช็ค KB 30/7/64 #29776220,,,,
,ศรีสยาม Due 31/5/64 - 6/6/64,26014,,เช็ค KB 6/7/64 #29776221,,,,
,ศรีสยาม Due 31/5/64 - 6/6/64,17970,,เช็ค KB 6/8/64 #29776222,,,,
2564-05-05,กิ๊บน๊อต / ร้านต้นคิด   ,2050,,โอน 15/7/64,,,,
,ชื่อร้านค้า,ยอดรวม,เลขที่บิล,หมายเหตุ,,,,
2564-06-05,ไทยนครพัฒนา (1982),20881.05,IV6406/0342,โอน 14/7/64,,,,
2564-06-23,ออโต้ สมาร์ท เทค,9523,202106204,,,,,
2564-06-28,ออโต้ สมาร์ท เทค,2710.63,202106252,,,,,
2564-06-18,ช.ทรัพย์สินไทย,164919.1,IV6406287,กสิกร 25/8/64 #29776246,,268719.8,,
2564-06-18,ช.ทรัพย์สินไทย,78657.84,IV6406286,กสิกร 25/8/64 #29776246,,,,
2564-06-21,ช.ทรัพย์สินไทย,12840,IV6406292,กสิกร 25/8/64 #29776246,,,,
2564-06-22,ช.ทรัพย์สินไทย,2942.5,IV6406314,กสิกร 25/8/64 #29776246,,,,
2564-06-22,ช.ทรัพย์สินไทย,9360.36,IV6406313,กสิกร 25/8/64 #29776246,,,,
2564-06-05,ทาเลนท์ อินเตอร์เทรด,10734.24,IV6405945,โอน 23/9/64,,,,
2564-06-17,ทาเลนท์ อินเตอร์เทรด,13285.12,IV6406631,โอน 23/9/64,,,,
2564-06-19,กิ๊บน๊อต / ร้านต้นคิด   ,1750,,โอน 15/7/64,,,,
,ร้านจิตต์ อะไหล่ Due 31/5 - 5/6/2564,24413,,โอน 7/6/64,,,,
,ร้านจิตต์ อะไหล่ Due 7 - 12/6/2564,16248,,โอน 14/6/64,,,,
,ร้านจิตต์ อะไหล่ Due 14 - 19/6/2564,11427,,โอน 21/6/64,,,,
,ร้านจิตต์ อะไหล่ Due 21 - 26/6/2564,28924,,โอน 28/6/64,,,,
,ร้านจิตต์ อะไหล่ Due 28/6 - 3/7/2564,24359,,โอน 5/7/64,,,,
,ชื่อร้านค้า,ยอดรวม,เลขที่บิล,หมายเหตุ,,,,
2564-07-04,ทาเลนท์ อินเตอร์เทรด,17847.6,IV6407743,โอน 8/10/64,,,,
2564-07-08,ทาเลนท์ อินเตอร์เทรด,10700,IV6407883,โอน 8/10/64,,,,
2564-07-07,ไทยนคร,20009,IV6407/0408,โอน 18/8/64,,,,
2564-07-10,หจก. ไทยออโต้โคท (น้ำยาป้องกันสนิม ออโต้โคท สีดำ),6500,192,โอน 18/8/64,,,,
2564-07-12,ช.ทรัพย์สินไทย,40628.97,IV6407157,กสิกร 25/9/64 #29776247,,208409.24999999997,,
2564-07-12,ช.ทรัพย์สินไทย,5842.2,IV6407158,กสิกร 25/9/64 #29776247,,,,
2564-07-26,ช.ทรัพย์สินไทย,93757.68,IV6407308,กสิกร 25/9/64 #29776247,,,,
2564-07-26,ช.ทรัพย์สินไทย,68180.4,IV6407309,กสิกร 25/9/64 #29776247,,,,
2564-07-14,ห้างหุ้นส่วนจำกัด พี.บี.เพ้นต์,77724.8,64/436,KB 30/9/64 #29776235 (ยกเลิกเช็ค/เปลี่ยนเป็นโอนจ่าย 1/10/64),,,,
,ร้านจิตต์ อะไหล่ Due 5 - 10/7/2564,21404,,โอน 12/7/64,,,,
,ร้านจิตต์ อะไหล่ Due 12 - 17/7/2564,9119,,โอน 19/7/64,,,,
,ร้านจิตต์ อะไหล่ Due 19 - 24/7/2564,30375,,โอน 26/7/64,,,,
,ร้านจิตต์ อะไหล่ Due 26 - 31/7/2564,10394,,โอน 2/8/64,,,,
,ชื่อร้านค้า,ยอดรวม,เลขที่บิล,หมายเหตุ,,,,
2564-08-16,ทาเลนท์อินเตอร์เทรด,10935.4,IV6410019,โอน 16/11/64,,,,
2564-08-17,ทาเลนท์อินเตอร์เทรด,1487.3,IV6410086,โอน 16/11/64,,,,
2564-08-24,ทาเลนท์อินเตอร์เทรด,5350,IV6410479,โอน 16/11/64,,,,
2564-08-24,ทาเลนท์อินเตอร์เทรด,7318.8,IV6410433,โอน 16/11/64,,,,
2564-08-19,ทาเลนท์อินเตอร์เทรด,3445.4,IV6410260,โอน 16/11/64,,,,
2564-08-27,ทาเลนท์อินเตอร์เทรด,4108.8,IV6410644,โอน 16/11/64,,,,
2564-08-14,ไทยนครพัฒนา,17976,IV6408/0573,โอน 27/10/64,,,,
2564-08-26,หจก. ไทยออโต้โคท (น้ำยาป้องกันสนิม ออโต้โคท สีดำ),6500,195,โอน 26/8/64,,,,
2564-08-31,ออโต้ สมาร์ทเทค,10539.5,202108203,KB 15/10/64 #29776248,,,,
2564-08-09,ออโต้ สมาร์ทเทค,7597,202108070,KB 23/9/64 #29776244,,,,
2564-08-24,ช.ทรัพย์สินไทย,38789.64,IV6408251,KB 25/10/64 #29776261,,103429.41,,
2564-08-24,ช.ทรัพย์สินไทย,8410.2,IV6408252,KB 25/10/64 #29776261,,,,
2564-08-26,ช.ทรัพย์สินไทย,27965.52,IV6408281,KB 25/10/64 #29776261,,,,
2564-08-26,ช.ทรัพย์สินไทย,8474.4,IV6408282,KB 25/10/64 #29776261,,,,
2564-08-26,ช.ทรัพย์สินไทย,19789.65,IV6408285,KB 25/10/64 #29776261,,,,
,ร้านจิตต์ อะไหล่ Due 2 - 7/8/2564,47061,,โอน 9/8/64,,,,
,ร้านจิตต์ อะไหล่ Due 9 - 14/8/2564,14588.4,,โอน 16/8/64,,,,
,ร้านจิตต์ อะไหล่ Due 16 - 21/8/2564,15385,,โอน 23/8/64,,,,
,ร้านจิตต์ อะไหล่ Due 23 - 28/8/2564,7029,,โอน 30/8/64,,,,
,ศรีสยาม Due 2-8/8/64,34241.33,,KB 9/9/64 #29776249,,,,
,ศรีสยาม Due 2-8/8/64,20212,,KB 9/10/64 #29776254,,,,
,ศรีสยาม Due 9-15/8/64,20283.54,,KB 16/9/64 #29776250,,,,
,ศรีสยาม Due 9-15/8/64,13285,,KB 16/10/64 #29776255,,,,
,ศรีสยาม Due 16-22/8/64,28855.77,,KB 23/9/64 #29776251,,,,
,ศรีสยาม Due 16-22/8/64,11866.01,,KB 23/10/64 #29776256,,,,
,ศรีสยาม Due 23-29/8/64,32191.94,,KB 30/9/64 #29776252,,,,
,ศรีสยาม Due 23-29/8/64,6482,,KB 30/10/64 #29776257,,,,
,ศรีสยาม Due 30/8-5/9/64,44174.35,,KB 6/10/64 #29776253,,,,
,ทาเลนท์อินเตอร์เทรด,1487.3,IV6410086,,,,,
,ร้านเจ๊แอน,18830,,โอน 2/9/64,,,,
2564-08-30,กิ๊บน๊อต / ร้านต้นคิด   ,1884,EMS,โอน 9/11/64,,,,
,ชื่อร้านค้า,ยอดรวม,เลขที่บิล,หมายเหตุ,,,,
2564-09-09,ช.ทรัพย์สินไทย,7447.2,IV6409115,KB 25/11/64 #29776262,,191485.06,,
2564-09-22,ช.ทรัพย์สินไทย,116159.2,IV6409286,KB 25/11/64 #29776262,,,,
2564-09-22,ช.ทรัพย์สินไทย,56085.12,IV6409285,KB 25/11/64 #29776262,,,,
2564-09-23,ช.ทรัพย์สินไทย,11793.54,IV6409299,KB 25/11/64 #29776262,,,,
,ห้างหุ้นส่วนจำกัด พี.บี.เพ้นต์,51360,64/569,KB 30/11/64 #29776258,,,,
2564-09-23,ออโต้ สมาร์ทเทค,11071.93,202109165,KB 7/11/64 #29776259,,,,
2564-09-28,ซี.เอส. รีฟินิช,4711.21,IV6409065,KB 25/11/64 #29776263,,,,
2564-09-15,ทาเลนท์อินเตอร์เทรด,8647.74,IV6411764,โอน 12/12/64,,,,
,ร้านจิตต์ อะไหล่ Due 30/8 - 4/9/2564,12564,,โอน 6/9/64,,,,
,ร้านจิตต์ อะไหล่ Due 6 - 11/9/2564,7007,,โอน 13/9/64,,,,
,ร้านจิตต์ อะไหล่ Due 13 - 18/9/2564,7319,,โอน 20/9/64,,,,
,ร้านจิตต์ อะไหล่ Due 20 - 25/9/2564,14246,,โอน 27/9/64,,,,
,ร้านจิตต์ อะไหล่ Due 27/9 - 2/10/2564,26424,,โอน 4/10/64,,,,
,ร้านเจ๊แอน,14600,,โอน 4/10/64,,,,
,ศรีสยาม Due 6 - 12/9/2564,56117,,โอน 8/10/64,,,,
,ศรีสยาม Due 13 - 19/9/2564,34002,,โอน 18/10/64,,,,
,ศรีสยาม Due 20 - 26/9/2564,31991,,โอน 26/10/64,,,,
2564-09-16,กิ๊บน๊อต / ร้านต้นคิด   ,1250,EMS,โอน 9/11/64,,,,
,ชื่อร้านค้า,ยอดรวม,เลขที่บิล,หมายเหตุ,,,,
2564-10-11,ออโต้ สมาร์ทเทค,10108.93,202110080,KB 25/11/64 #29776260,,,,
,ออโต้ สมาร์ทเทค,4437.93,202110201,KB 12/12/64 #29776264,,8271.1,,
2564-10-08,ทาเลนท์อินเตอร์เทรด,6398.6,IV6413092,โอน 13/1/65,,,,
2564-10-16,ทาเลนท์อินเตอร์เทรด,1872.5,IV6413516,โอน 13/1/65,,,,
2564-10-25,หจก. ไทยออโต้โคท (น้ำยาป้องกันสนิม ออโต้โคท/ทัฟโค้ท สีดำ),6500,200,โอน 25/10/64,,,,
2564-10-19,ช.ทรัพย์สินไทย,3274.2,IV6410254,โอน 23/12/64,,194087.3,,
2564-10-26,ช.ทรัพย์สินไทย,49787.1,IV6410364,โอน 23/12/64,,,,
2564-10-26,ช.ทรัพย์สินไทย,141026,IV6410365,โอน 23/12/64,,,,
,ร้านจิตต์ อะไหล่ Due 4 - 9/10/2564,16000,,โอน 11/10/64,,,,
,ร้านจิตต์ อะไหล่ Due 11 - 16/10/2564,22038,,โอน 18/10/64,,,,
,ร้านจิตต์ อะไหล่ Due 18 - 23/10/2564,21429,,โอน 25/10/64,,,,
,ร้านจิตต์ อะไหล่ Due 25 - 30/10/2564,28765,,โอน 1/11/64,,,,
,ศรีสยาม Due 13 - 19/9/2564,34002,,โอน 18/10/64,,,,
,ศรีสยาม Due 27/9 - 3/10/2564,39584,,โอน 3/11/64,,,,
,ศรีสยาม Due 4 - 10/10/2564,60778,,โอน 10/11/64,,,,
,ศรีสยาม Due 11 - 17/10/2564,24047.85,,โอน 16/11/64,,,,
,ศรีสยาม Due 18 - 24/10/2564,60348.84,,โอน 24/11/64,,,,
,ศรีสยาม Due 25/10 - 31/10/2564,54684.58,,โอน 1/12/64,,,,
,ร้านเจ๊แอน,13530,,โอน 2/11/64,,,,
,ชื่อร้านค้า,ยอดรวม,เลขที่บิล,หมายเหตุ,,,,
2564-11-01,ทาเลนท์อินเตอร์เทรด,4617.05,IV6414395,โอน 26/2/65,,,,
2564-11-09,ทาเลนท์อินเตอร์เทรด,6109.7,IV6415061,โอน 26/2/65,,,,
2564-11-10,ทาเลนท์อินเตอร์เทรด,1070,IV6415146,โอน 26/2/65,,,,
2564-11-29,ทาเลนท์อินเตอร์เทรด,8795.4,IV6416224,โอน 26/2/65,,,,
2564-11-05,ออโต้ สมาร์ทเทค,1926,202111060,โอน 20/12/64,,,,
2564-11-10,ออโต้ สมาร์ทเทค,5293.93,202111095,โอน 25/12/64,,,,
2564-11-25,ออโต้ สมาร์ทเทค,3852,202111223,โอน 11/1/65,,,,
2564-11-10,ห้างหุ้นส่วนจำกัด พี.บี. เพ้นต์,51360,64/690,โอน 1/2/65,,,,
2564-11-11,ช.ทรัพย์สินไทย,18855.54,IV6411168,โอน 24/1/65,,,,
2564-11-15,ช.ทรัพย์สินไทย,5842.2,IV6411213,โอน 24/1/65,,406362.46,,
2564-11-23,ช.ทรัพย์สินไทย,63344,IV6411321,โอน 24/1/65,,,,
2564-11-23,ช.ทรัพย์สินไทย,43797.24,IV6411319,โอน 24/1/65,,,,
2564-11-23,ช.ทรัพย์สินไทย,40407.48,IV6411320,โอน 24/1/65,,,,
2564-11-26,ช.ทรัพย์สินไทย,222560,IV6411357,โอน 24/1/65,,,,
2564-11-29,ช.ทรัพย์สินไทย,11556,IV6411367,โอน 24/1/65,,,,
,ร้านจิตต์ อะไหล่ Due 1 - 6/11/2564,36094,,โอน 8/11/64,,,,
,ร้านจิตต์ อะไหล่ Due 8 - 13/11/2564,10708,,โอน 15/11/64,,,,
,ร้านจิตต์ อะไหล่ Due 15 - 20/11/2564,19691,,โอน 22/11/64,,,,
,ร้านจิตต์ อะไหล่ Due 22 - 27/11/2564,39621,,โอน 29/11/64,,,,
,ศรีสยาม Due 1 - 7/11/2564,68921.13,,โอน 8/12/64,,,,
,ศรีสยาม Due 8 - 14/11/2564,57159.41,,โอน 14/12/64,,,,
,ศรีสยาม Due 15 - 21/11/2564,37961,,โอน 22/12/64,,,,
,ศรีสยาม Due 22 - 28/11/2564,57155.33,,โอน 28/12/64,,,,
,ร้านเจ๊แอน,4380,,โอน 1/12/64,,,,
,ร้านโสภา,7550,,โอน 25/1/65,,,,
,ชื่อร้านค้า,ยอดรวม,เลขที่บิล,หมายเหตุ,,,,
2565-12-07,ออโต้ สมาร์ทเทค,14659,202112058,โอน 21/1/65,,,,
2564-12-22,ช.ทรัพย์สินไทย,241691.6,IV6412301,โอน 23/2/65,,302302.82,,
2564-12-22,ช.ทรัพย์สินไทย,60611.22,IV6412302,โอน 23/2/65,,,,
2564-12-09,ห้างหุ้นส่วนจำกัด พี.บี. เพ้นต์,61632,64/756,โอน 6/3/65,,,,
2564-12-03,ทาเลนท์อินเตอร์เทรด,2214.9,IV6416686,โอน 23/3/65,ได้ใบเสร็จแล้ว 30/3/65,,,
2564-12-07,ทาเลนท์อินเตอร์เทรด,5339.3,IV6416831,โอน 23/3/65,ได้ใบเสร็จแล้ว 30/3/65,,,
,ร้านจิตต์ อะไหล่ Due 29 - 4/12/2564,31539,,โอน 6/12/64,,,,
,ร้านจิตต์ อะไหล่ Due 6 - 11/12/2564,36809,,โอน 13/12/64,,,,
,ร้านจิตต์ อะไหล่ Due 13 - 18/12/2564,20734,,โอน 20/12/64,,,,
,ร้านจิตต์ อะไหล่ Due 20 - 25/12/2564,7084,,โอน 27/12/64,,,,
,ศรีสยาม Due 29/11 - 5/12/2564,92900.81,,โอน 11/1/65,,,,
,ศรีสยาม Due 6 - 12/12/2564,42747.37,,โอน 11/1/65,,,,
,ศรีสยาม Due 13 - 19/12/2564,32044.6,,โอน 20/1/65,,,,
,ศรีสยาม Due 20 - 26/12/2564,21857.53,,โอน 29/1/65,,,,
,ศรีสยาม Due 27/12 - 2/1/2565,-3367.74,,โอน 9/2/65,,,,
,ร้านเจ๊แอน,7750,,โอน 25/12/64,,,,
,ร้านโสภา,5250,,โอน 25/1/65,,,,
,ชื่อร้านค้า,ยอดรวม,เลขที่บิล,หมายเหตุ,,,,
2565-01-22,ทาเลนท์อินเตอร์เทรด,10700,IV6501434,โอน 22/4/65,,,,
2565-01-07,ทาเลนท์อินเตอร์เทรด,1016.5,IV6500379,โอน 22/4/65,,,,
2565-01-18,ทาเลนท์อินเตอร์เทรด,8859.6,IV6501154,โอน 22/4/65,,,,
2565-01-11,ออโต้ สมาร์ทเทค,6021.75,202201071,โอน 26/2/65,,,,
2565-01-20,ออโต้ สมาร์ทเทค,9041.5,202201143,โอน 8/3/65,,,,
2565-01-21,ช.ทรัพย์สินไทย,48429.27,IV6501224,โอน 25/3/65,,,,
2565-01-21,ช.ทรัพย์สินไทย,38539.26,IV6501225,โอน 25/3/65,,,,
2565-01-21,ช.ทรัพย์สินไทย,25294.8,IV6501226,โอน 25/3/65,,,,
,ร้านจิตต์ อะไหล่ Due 28/12 - 8/1/2565,18657,,โอน 11/1/65,,,,
,ร้านจิตต์ อะไหล่ Due 10 - 15/1/2565,23859,,โอน 17/1/65,,,,
,ร้านจิตต์ อะไหล่ Due 16 - 22/1/2565,29732,,โอน 24/1/65,,,,
,ร้านจิตต์ อะไหล่ Due 24 - 29/1/2565,34397,,โอน 2/2/65,,,,
,ศรีสยาม Due 3 - 9/1/2565,38579.46,,โอน 9/2/65,,,,
,ศรีสยาม Due 10 - 16/1/2565,107263.33,,โอน 16/2/65,,,,
,ศรีสยาม Due 17 - 23/1/2565,42358.03,,โอน 23/2/65,,,,
,ศรีสยาม Due 24 - 30/1/2565,28483.14,,โอน 7/3/65,,,,
,ร้านเจ๊แอน,6970,,โอน 2/2/65,,,,
,ร้านโสภา,3500,,โอน 3/5/65,,,,
,ชื่อร้านค้า,ยอดรวม,เลขที่บิล,หมายเหตุ,,,,
2565-02-02,ทาเลนท์อินเตอร์เทรด,3017.4,IV6502098,โอน 25/5/65,,,,
2565-02-16,ทาเลนท์อินเตอร์เทรด,5519.06,IV6503189,โอน 25/5/65,,,,
2565-02-28,ทาเลนท์อินเตอร์เทรด,4804.3,IV6503899,โอน 25/5/65,,,,
2565-02-11,ไทยนครพัฒนา,405.53,INV22020427,โอน 9/4/65,,,,
2565-02-11,ไทยนครพัฒนา,405.53,INN22020466,โอน 9/4/65,,,,
2565-02-16,ไทยนครพัฒนา,27729.05,INV22020634,โอน 9/4/65,,,,
2565-02-21,ห้างหุ้นส่วนจำกัด พี.บี. เพ้นต์,61632,65/113,โอน 30/4/65,,,,
2565-02-14,ออโต้ สมาร์ทเทค,4708,202202131,โอน 31/3/65,,,,
2565-02-23,ออโต้ สมาร์ทเทค,3287.36,202202199,โอน 9/4/65,,,,
2565-02-22,ช.ทรัพย์สินไทย,23047.8,IV6502260,โอน 20/4/65,,,,
2565-02-22,ช.ทรัพย์สินไทย,41620.86,IV6502258,โอน 20/4/65,,,,
2565-02-22,ช.ทรัพย์สินไทย,28485.54,IV6502259,โอน 20/4/65,,,,
,ร้านจิตต์ อะไหล่ Due 31/1 - 5/2/2565,27488,,โอน 7/2/65,,,,
,ร้านจิตต์ อะไหล่ Due 7 - 12/2/2565,15692,,โอน 14/2/65,,,,
,ร้านจิตต์ อะไหล่ Due 13 - 19/2/2565,19950,,โอน 21/2/65,,,,
,ร้านจิตต์ อะไหล่ Due 21 - 26/2/2565,36193,,โอน 28/2/65,,,,
,ศรีสยาม Due 31/1 - 6/2/2565,52128.47,,โอน 7/3/65,,,,
,ศรีสยาม Due 7 - 13/2/2565,24797.25,,โอน 14/3/65,,,,
,ศรีสยาม Due 14 - 20/2/2565,19115.38,,โอน 22/3/65,,,,
,ศรีสยาม Due 21 - 27/2/2565,45299.88,,โอน 27/3/65,,,,
,ศรีสยาม Due 28/2 - 6/3/2565,42859.68,,โอน 6/4/65,,,,
,ร้านเจ๊แอน,14220,,โอน 1/3/65,,,,
,ร้านโสภา,5600,,โอน 3/5/65,,,,
,ชื่อร้านค้า,ยอดรวม,เลขที่บิล,หมายเหตุ,,,,
2565-03-25,ไทยนครพัฒนา,26857,INV22031033,โอน 3/6/65,,,,
2565-03-08,ทาเลนท์อินเตอร์เทรด ,8941.99,IV6504527,โอน 13/6/65,,,,
2565-03-11,ทาเลนท์อินเตอร์เทรด ,6644.7,IV6504806,โอน 13/6/65,,,,
2565-03-12,ทาเลนท์อินเตอร์เทรด ,1391,IV6504851,โอน 13/6/65,,,,
2565-03-26,ทาเลนท์อินเตอร์เทรด ,4665.2,IV6505765,โอน 28/3/65 (กระดาษกาว/จ่ายสด),,,,
2565-03-28,ทาเลนท์อินเตอร์เทรด ,1508.7,IV6505825,โอน 13/6/65,,,,
2565-03-10,ออโต้ สมาร์ทเทค,7522.21,202203091,โอน 25/4/65,,,,
2565-03-28,ออโต้ สมาร์ทเทค,7139.36,202203217,โอน 12/5/65,,,,
2565-03-02,ช.ทรัพย์สินไทย,23574.24,IV6503046,โอน 25/5/65,,,,
2565-03-18,ช.ทรัพย์สินไทย,15051.69,IV6503253,โอน 25/5/65,,,,
2565-03-18,ช.ทรัพย์สินไทย,2824.8,IV6503254,โอน 25/5/65,,,,
2565-03-18,ช.ทรัพย์สินไทย,0,IV6503255,ฟรี,,,,
2565-03-23,ช.ทรัพย์สินไทย,107770.4,IV6503299,โอน 25/5/65,,,,
2565-03-23,ช.ทรัพย์สินไทย,52059.78,IV6503300,โอน 25/5/65,,,,
2565-03-23,ช.ทรัพย์สินไทย,38645.19,IV6503301,โอน 25/5/65,,,,
2565-03-28,ช.ทรัพย์สินไทย,10564.11,IV6503340,โอน 25/5/65,,,,
,ร้านจิตต์ อะไหล่ Due 28/2 - 5/3/2565,24456,,โอน 7/3/65,,,,
,ร้านจิตต์ อะไหล่ Due 7 - 12/3/2565,65379,,โอน 14/3/65,,,,
,ร้านจิตต์ อะไหล่ Due 14 - 19/3/2565,23543,,โอน 21/3/65,,,,
,ร้านจิตต์ อะไหล่ Due 21 - 26/3/2565,43599,,โอน 28/3/65,,,,
,ร้านจิตต์ อะไหล่ Due 28 - 2/4/2565,26013,,โอน 4/4/65,,,,
,ศรีสยาม Due 7 - 13/3/2565,55732.89,,โอน 17/4/65,,,,
,ศรีสยาม Due 14 - 20/3/2565,9460.11,,โอน 21/4/65,,,,
,ศรีสยาม Due 21 - 27/3/2565,57322.68,,โอน 29/4/65,,,,
,ศรีสยาม Due 28/3 - 3/4/2565,24818,,โอน 11/5/65,,,,
,ร้านเจ๊แอน,10600,,โอน 4/4/65,,,,
,ร้านโสภา,4000,,โอน 3/5/65,,,,
2565-03-09,กิ๊บน๊อต / ร้านต้นคิด   ,1500,,โอน 16/5/65,,,,
2565-03-11,กิ๊บน๊อต / ร้านต้นคิด   ,600,,โอน 16/5/65,,,,
,ชื่อร้านค้า,ยอดรวม,เลขที่บิล,หมายเหตุ,,,,
,ร้านจิตต์ อะไหล่ Due 4 - 9/4/2565,7494,,โอน 11/4/65,,,,
,ร้านจิตต์ อะไหล่ Due 18 - 23/4/2565,47304,,โอน 25/4/65,,,,
,ร้านจิตต์ อะไหล่ Due 25/4 - 1/5/2565,28797,,โอน 2/5/65,,,,
2565-04-30,หจก. ไทยออโต้โคท (น้ำยาป้องกันสนิม ออโต้โคท/ทัฟโค้ท สีดำ),6500,217,โอน 30/4/65,,,,
2565-04-20,ทาเลนท์อินเตอร์เทรด ,3354.45,IV6506938,โอน 19/7/65,,,,
2565-04-27,ช.ทรัพย์สินไทย,50355.27,IV6504236,โอน 23/6/65,,,,
2565-04-27,ช.ทรัพย์สินไทย,82432.8,IV6504237,โอน 23/6/65,,,,
2565-04-28,ช.ทรัพย์สินไทย,13546.2,IV6504246,โอน 23/6/65,,,,
,ร้านจิตต์ อะไหล่ Due 4 - 9/4/2565,7494,,โอน 11/4/65,,,,
,ร้านจิตต์ อะไหล่ Due 18 - 23/4/2565,47304,,โอน 25/4/65,,,,
,ร้านจิตต์ อะไหล่ Due 25 - 1/5/2565,28797,,โอน 2/5/65,,,,
,ศรีสยาม Due 4 - 10/4/2565,4507.81,,โอน 11/5/65,,,,
,ศรีสยาม Due 11 - 17/4/2565,3193.17,,โอน 19/5/65,,,,
,ศรีสยาม Due 18 - 24/4/2565,67174.13,,โอน 27/5/65,,,,
,ศรีสยาม Due 25 - 1/5/2565,86966.51,,โอน 3/6/65,,,,
,ร้านเจ๊แอน,11180,,โอน 3/5/65,,,,
,ร้านโสภา,4600,,โอน 4/5/65,,,,
,ชื่อร้านค้า,ยอดรวม,เลขที่บิล,หมายเหตุ,,,,
2565-05-24,ทาเลนท์อินเตอร์เทรด ,4665.2,IS1000328,โอน 24/5/65,,,,
2565-05-16,ทาเลนท์อินเตอร์เทรด ,3774.96,IB3000910,โอน 12/8/65,,,,
2565-05-16,ทาเลนท์อินเตอร์เทรด ,770.4,IB3000130,โอน 12/8/65,,,,
2565-05-03,ทาเลนท์อินเตอร์เทรด ,16262.26,IB3000095,โอน 12/8/65,,,,
2565-05-04,ทาเลนท์อินเตอร์เทรด ,4494,IB3000172,โอน 12/8/65,,,,
2565-05-13,ช.ทรัพย์สินไทย,18720.72,IV6505167,โอน 23/7/65,,,,
2565-05-25,ช.ทรัพย์สินไทย,31779,IV6505290,โอน 23/7/65,,,,
2565-05-25,ช.ทรัพย์สินไทย,65358.81,IV6505291,โอน 23/7/65,,,,
2565-05-25,ช.ทรัพย์สินไทย,84572.8,IV6505292,โอน 23/7/65,,,,
2565-05-06,ออโต้ สมาร์ทเทค,13674.71,202205057,โอน 21/6/65,,,,
2565-05-26,ออโต้ สมาร์ทเทค,5189.5,202205231,โอน 12/7/65,,,,
2565-05-03,ไทยนครพัฒนา,23770.05,INV22050028,โอน 12/7/65,,,,
2565-05-20,ห้างหุ้นส่วนจำกัด พี.บี. เพ้นต์,51360,65/PB204,โอน 2/8/65,,,,
,ร้านจิตต์ อะไหล่ Due 2 - 7/5/2565,36120,,โอน 9/5/65,,,,
,ร้านจิตต์ อะไหล่ Due 9 - 14/5/2565,26628.51,,โอน 16/5/65,,,,
,ร้านจิตต์ อะไหล่ Due 16 - 21/5/2565,41516,,โอน 23/5/65,,,,
,ร้านจิตต์ อะไหล่ Due 23 - 28/5/2565,61295.51,,โอน 30/5/65,,,,
,ศรีสยาม Due 2 - 8/5/2565,49508.91,,โอน 13/6/65,,,,
,ศรีสยาม Due 9 - 15/5/2565,105152.4,,โอน 13/6/65,,,,
,ศรีสยาม Due 16 - 22/5/2565,34832.02,,โอน 23/6/65,,,,
,ร้านเจ๊แอน,34550,,โอน 2/6/65,,,,
,ร้านโสภา,3600,,โอน 8/1/66,,,,
,ชื่อร้านค้า,ยอดรวม,เลขที่บิล,หมายเหตุ,,,,
2565-06-13,ไทยนครพัฒนา,22898,INV22060461,โอน 12/8/65,,,,
2565-06-23,ไทยนครพัฒนา,35952,INV22060914,โอน 12/8/65,,,,
2565-06-08,ออโต้เทรด มาร์เก็ตติ้ง,14274.6,IV1417133,โอน 7/6/65,,,,
2565-06-14,ออโต้เทรด มาร์เก็ตติ้ง,14744.6,IV1417481,โอน 20/6/65,,,,
2565-06-07,ทาเลนท์อินเตอร์เทรด ,10533.08,IB3002119,โอน 5/10/65,,,,
2565-06-08,ทาเลนท์อินเตอร์เทรด ,2953.2,IB3002168,โอน 5/10/65,,,,
2565-06-18,ทาเลนท์อินเตอร์เทรด ,11335.58,IB3002779,โอน 5/10/65,,,,
2565-06-21,ทาเลนท์อินเตอร์เทรด ,1071.07,IB3002884,โอน 5/10/65,,,,
2565-06-21,ทาเลนท์อินเตอร์เทรด ,4665.2,IS1000942,โอน 23/6/65,,,,
2565-06-04,ออโต้ สมาร์ทเทค,1926,202206035,โอน 19/7/65,,,,
2565-06-21,ช.ทรัพย์สินไทย,6163.2,IV6506258,โอน 27/8/65,,,,
2565-06-24,ช.ทรัพย์สินไทย,14733.9,IV6506322,โอน 27/8/65,,,,
2565-06-24,ช.ทรัพย์สินไทย,10554.48,IV6506328,โอน 27/8/65,,,,
2565-06-27,ช.ทรัพย์สินไทย,45492.12,IV6506336,โอน 27/8/65,,,,
2565-06-27,ช.ทรัพย์สินไทย,39454.11,IV6506337,โอน 27/8/65,,,,
2565-06-27,ช.ทรัพย์สินไทย,66511.2,IV6506338,โอน 27/8/65,,,,
,ร้านจิตต์ อะไหล่ Due 30/5 - 4/6/2565,56196,,โอน 6/6/65,,,,
,ร้านจิตต์ อะไหล่ Due 6 - 11/6/2565,27491,,โอน 13/6/65,,,,
,ร้านจิตต์ อะไหล่ Due 13 - 18/6/2565,41301,,โอน 20/6/65,,,,
,ร้านจิตต์ อะไหล่ Due 20 - 25/6/2565,46550,,โอน 27/6/65,,,,
,ร้านจิตต์ อะไหล่ Due 27/6 - 2/7/2565,32052,,โอน 4/7/65,,,,
,ศรีสยาม Due 23 - 29/5/2565,23518.47,,โอน 1/7/65,,,,
,ศรีสยาม Due 30/5 - 5/6/2565,60377.15,,โอน 6/7/65,,,,
,ศรีสยาม Due 6 - 12/6/2565,53042.11,,โอน 19/7/65,,,,
,ศรีสยาม Due 13 - 19/6/2565,73699.08,,โอน 19/7/65,,,,
,ศรีสยาม Due 20 - 26/6/2565,83340,,โอน 2/8/65,,,,
,ร้านเจ๊แอน,14390,,โอน 1/7/65,,,,
2565-06-08,กิ๊บน๊อต / ร้านต้นคิด   ,1850,,โอน 18/7/65,,,,
,ร้านโสภา,4000,,โอน 8/1/66,,,,
,ชื่อร้านค้า,ยอดรวม,เลขที่บิล,หมายเหตุ,,,,
2565-07-01,ห้างหุ้นส่วนจำกัด พี.บี. เพ้นต์,51360,65/399,โอน 10/10/65,,,,
2565-07-20,หจก. ไทยออโต้โคท (น้ำยาป้องกันสนิม ออโต้โคท/ทัฟโค้ท สีดำ),6500,224,โอน 20/7/65,,,,
2565-07-20,ออโต้เทรด มาร์เก็ตติ้ง,11308.56,,โอน 22/7/65,,,,
2565-07-01,ทาเลนท์อินเตอร์เทรด ,6409.3,IB3003412,โอน 5/10/65,,,,
2565-07-07,ทาเลนท์อินเตอร์เทรด ,6180.32,IB3003750,โอน 5/10/65,15288.16,,,
2565-07-25,ทาเลนท์อินเตอร์เทรด ,4665.2,IS1001539,โอน 26/7/65,,,,
2565-07-27,ทาเลนท์อินเตอร์เทรด ,2953.2,IV2200950,โอน 5/10/65,ดิวจ่าย 25/10/65,,,
2565-07-02,ทาเลนท์อินเตอร์เทรด -- ใบลดหนี้,-254.66,SR6507002,โอน 5/10/65,,,,
2565-07-16,บจก. วีที คัลเลอร์ โปร,2503.8,IV095-65,โอน 4/9/65,,,,
2565-07-20,บจก. วีที คัลเลอร์ โปร,9758.4,IV099-65,โอน 4/9/65,,,,
2565-07-20,บจก. วีที คัลเลอร์ โปร,9417.18,IV100-65,โอน 4/9/65,,,,
2565-07-21,บจก. วีที คัลเลอร์ โปร,16371,IV101-65,โอน 4/9/65,,,,
2565-07-13,ช.ทรัพย์สินไทย,5842.2,IV6507157,โอน 27/10/65,,,,
2565-07-07,ช.ทรัพย์สินไทย,10005.57,IV6507108,โอน 27/10/65,,,,
,ศรีสยาม Due 27/6 - 3/7/2565,39927.91,,โอน 2/8/65,,,,
,ศรีสยาม Due 4 - 10/7/2565,113005.6,,โอน 11/8/65,,,,
,ศรีสยาม Due 11 - 17/7/2565,36682.93,,โอน 20/8/65,,,,
,ศรีสยาม Due 18 - 24/7/2565,22428.47,,โอน 27/8/65,,,,
,ศรีสยาม Due 25 - 31/7/2565,30281.81,,โอน 2/9/65,,,,
,ร้านจิตต์ อะไหล่ Due 4 - 9/7/2565,58519,,โอน 11/7/65,,,,
,ร้านจิตต์ อะไหล่ Due 11 - 16/7/2565,27762,,โอน 18/7/65,,,,
,ร้านจิตต์ อะไหล่ Due 18 - 23/7/2565,19460,,โอน 25/7/65,,,,
,ร้านจิตต์ อะไหล่ Due 25 - 30/7/2565,29316,,โอน 1/8/65,,,,
,ร้านเจ๊แอน,52240,,โอน 4/8/65,,,,
,ร้านโสภา,4500,,โอน 8/1/66,,,,
,ชื่อร้านค้า,ยอดรวม,เลขที่บิล,หมายเหตุ,,,,
2565-08-01,ทาเลนท์อินเตอร์เทรด ,2551.95,IV2201139,โอน 6/12/65,ดิวจ่าย 30/10/65,,,
2565-08-10,ทาเลนท์อินเตอร์เทรด ,2953.2,IV2201850,โอน 6/12/65,,,,
2565-08-29,ทาเลนท์อินเตอร์เทรด ,2953.2,IV2202823,โอน 6/12/65,,,,
2565-08-25,ทาเลนท์อินเตอร์เทรด ,4665.2,IS1002068,โอน 26/8/65,,,,
2565-08-25,ทาเลนท์อินเตอร์เทรด ,583.15,IV2202681,โอน 6/12/65,,,,
2565-08-02,บจก. วีที คัลเลอร์ โปร,37054.1,IV116-65,โอน 27/10/65,,,,
2565-08-05,บจก. วีที คัลเลอร์ โปร,5885,IV124-65,โอน 27/10/65,,,,
2565-08-24,บจก. วีที คัลเลอร์ โปร,94138.6,IV147-65,โอน 27/10/65,,,,
2565-08-24,บจก. วีที คัลเลอร์ โปร,44191,IV148-65,โอน 27/10/65,,,,
2565-08-26,บจก. วีที คัลเลอร์ โปร,6840.14,IV152-65,โอน 27/10/65,,,,
2565-08-20,ไทยนครพัฒนา,29425,INV22080756,โอน 5/10/65,,,,
,ร้านจิตต์ อะไหล่ Due 1 - 6/8/2565,8083.94,,โอน 8/8/65,,,,
,ร้านจิตต์ อะไหล่ Due 8 - 13/8/2565,25942,,โอน 15/8/65,,,,
,ร้านจิตต์ อะไหล่ Due 15 - 20/8/2565,16506,,โอน 22/8/65,,,,
,ร้านจิตต์ อะไหล่ Due 22 - 27/8/2565,46897,,โอน 29/8/65,,,,
,ศรีสยาม Due 1 - 7/8/2565,31555.69,,โอน 10/9/65,,,,
,ศรีสยาม Due 8 - 14/8/2565,25628.62,,โอน 14/9/65,,,,
,ศรีสยาม Due 15 - 21/8/65,27900.24,,โอน 26/9/65,,,,
,ศรีสยาม Due 22 - 28/8/65,31894.12,,โอน 30/9/65,,,,
,ร้านเจ๊แอน,31020,,โอน 1/9/65,,,,
2565-08-05,กิ๊บน๊อต / ร้านต้นคิด   ,3600,,โอน 21/9/65,,,,
,ร้านโสภา,5460,,โอน 8/1/66,,,,
,ชื่อร้านค้า,ยอดรวม,เลขที่บิล,หมายเหตุ,,,,
2565-09-13,หจก. ไทยออโต้โคท (น้ำยาป้องกันสนิม ออโต้โคท/ทัฟโค้ท สีดำ),6500,230,โอน 13/9/65,,,,
2565-09-09,ทาเลนท์อินเตอร์เทรด ,3178.97,IV2203571,โอน 4/1/66,ลงคอมพ์แล้ว,,,
2565-09-09,ทาเลนท์อินเตอร์เทรด ,2050.12,IV2203592,โอน 4/1/66,,,,
2565-09-10,ทาเลนท์อินเตอร์เทรด ,7412.96,IV2203682,โอน 4/1/66,,,,
2565-09-19,ทาเลนท์อินเตอร์เทรด ,4416.96,IV2204141,โอน 4/1/66,ลงคอมพ์แล้ว,,,
2565-09-20,ทาเลนท์อินเตอร์เทรด ,1232.64,IV2204195,โอน 4/1/66,ลงคอมพ์แล้ว,,,
2565-09-12,ทาเลนท์อินเตอร์เทรด -- ใบลดหนี้,-4665.2,SR6509007,โอน 4/1/66,ลงคอมพ์แล้ว,,,
2565-09-12,ทาเลนท์อินเตอร์เทรด -- ใบลดหนี้,-2332.6,SR6509008,โอน 4/1/66,ลงคอมพ์แล้ว,,,
2565-09-07,บจก. วีที คัลเลอร์ โปร,2942.5,IV166-65,โอน 20/12/65,,,,
2565-09-07,บจก. วีที คัลเลอร์ โปร,21036.2,IV167-65,โอน 20/12/65,,,,
2565-09-20,บจก. วีที คัลเลอร์ โปร,125853.4,IV183-65,โอน 20/12/65,,,,
2565-09-20,บจก. วีที คัลเลอร์ โปร,66714.5,IV184-65,โอน 20/12/65,,,,
2565-09-12,ออโต้เทรด มาร์เก็ตติ้ง,14605.5,,โอน 14/9/65,,,,
2565-09-16,ห้างหุ้นส่วนจำกัด พี.บี. เพ้นต์,51360,65/582,โอน 14/12/65,,,,
,ร้านจิตต์ อะไหล่ Due 29/8 - 3/9/2565,33091,,โอน 5/9/65,,,,
,ร้านจิตต์ อะไหล่ Due 5 - 10/9/2565,36632,,โอน 12/9/65,,,,
,ร้านจิตต์ อะไหล่ Due 12 - 17/9/2565,17796,,โอน 19/9/65,,,,
,ร้านจิตต์ อะไหล่ Due 19 - 24/9/2565,27314,,โอน 26/9/65,,,,
,ร้านจิตต์ อะไหล่ Due 26/9 - 1/10/2565,41010,,โอน 3/10/65,,,,
,ศรีสยาม Due 29/8 - 4/9/65,34272.71,,โอน 8/10/65,,,,
,ศรีสยาม Due 5 - 11/9/65,31403.08,,โอน 12/10/65,,,,
,ศรีสยาม Due 12 - 18/9/65,42262.53,,โอน 18/10/65,,,,
,ศรีสยาม Due 19 - 25/9/65,40901.84,,โอน 27/10/65,,,,
,ร้านเจ๊แอน,27840,,โอน 2/10/65,,,,
,ร้านโสภา,5850,,โอน 8/1/66,,,,
,ชื่อร้านค้า,ยอดรวม,เลขที่บิล,หมายเหตุ,,,,
2565-10-04,ทาเลนท์อินเตอร์เทรด ,7318.8,IV2204973,โอน 7/2/66,,,,
2565-10-05,ทาเลนท์อินเตอร์เทรด ,5906.4,IB3004102,โอน 7/2/66,,,,
2565-10-07,ทาเลนท์อินเตอร์เทรด ,513.6,IB3004247,โอน 7/2/66,,,,
2565-10-07,ทาเลนท์อินเตอร์เทรด ,1738.75,IB3004260,โอน 7/2/66,,,,
2565-10-01,ไทยนครพัฒนา,22309.5,INX00000683,โอน 20/12/65,,,,
2565-10-20,ไทยนครพัฒนา,21041.55,INV22100716,โอน 20/12/65,,,,
2565-10-06,ออโต้เทรด มาร์เก็ตติ้ง,13214.5,,โอน 12/10/65,,,,
2565-10-17,ออโต้เทรด มาร์เก็ตติ้ง,2728.5,IV1422937,โอน 20/10/65,,,,
2565-10-03,บจก. วีที คัลเลอร์ โปร,32891.8,IV198-65,โอน 2/12/65,,,,
2565-10-15,บจก. วีที คัลเลอร์ โปร,24149.9,IV214-65,โอน 2/12/65,,,,
2565-10-25,บจก. วีที คัลเลอร์ โปร,114490,IV227-65,โอน 2/12/65,,,,
2565-10-25,บจก. วีที คัลเลอร์ โปร,65377,IV228-65,โอน 2/12/65,,,,
2565-10-25,ห้างหุ้นส่วนจำกัด พี.บี. เพ้นต์,51360,65/673,โอน 24/1/66,,,,
,ร้านจิตต์ อะไหล่ Due 3 - 8/10/2565,30484.95,,โอน 10/10/65,,,,
,ร้านจิตต์ อะไหล่ Due 10 - 15/10/2565,33543,,โอน 17/10/65,,,,
,ร้านจิตต์ อะไหล่ Due 17 - 22/10/2565,21042,,โอน 24/10/65,,,,
,ร้านจิตต์ อะไหล่ Due 24 - 29/10/2565,32605,,โอน 31/10/65,,,,
,ศรีสยาม Due 26/9 - 2/10/65,55225.1,,โอน 4/11/65,,,,
,ศรีสยาม Due 3 - 9/10/65,52614.9,,โอน 10/11/65,,,,
,ศรีสยาม Due 10 - 16/10/65,51150.22,,โอน 23/11/65,,,,
,ศรีสยาม Due 17 - 23/10/65,71406.36,,โอน 23/11/65,,,,
,ศรีสยาม Due 24 - 30/10/65,47172.21,,โอน 6/12/65,,,,
,ร้านเจ๊แอน,29430,,โอน 2/11/65,,,,
,ร้านโสภา,4100,,โอน 8/1/66,,,,
,ชื่อร้านค้า,ยอดรวม,เลขที่บิล,หมายเหตุ,,,,
2565-11-12,ทาเลนท์อินเตอร์เทรด ,6907.92,IV2206487,โอน 3/3/66,ลงคอมพ์แล้ว,,,
2565-11-23,ทาเลนท์อินเตอร์เทรด ,5598.24,IV2207094,โอน 3/3/66,,,,
2565-11-11,บจก. วีที คัลเลอร์ โปร,25412.5,IV259-65,โอน 2/2/66,,,,
2565-11-15,บจก. วีที คัลเลอร์ โปร,10272,IV261-65,โอน 2/2/66,,,,
2565-11-17,บจก. วีที คัลเลอร์ โปร,11556,IV264-65,โอน 18/11/65 (จ่ายสด),,,,
2565-11-23,บจก. วีที คัลเลอร์ โปร,73402,IV276-65,โอน 2/2/66,,,,
2565-11-23,บจก. วีที คัลเลอร์ โปร,136446.4,IV275-65,โอน 2/2/66,,,,
2565-11-25,บจก. วีที คัลเลอร์ โปร,4226.5,IV283-65,โอน 2/2/66,,,,
2565-11-15,ไทยนครพัฒนา,36583.3,INV22110536,โอน 2/2/66,,,,
,ร้านจิตต์ อะไหล่ Due 31/10 - 5/11/2565,33708,,โอน 7/11/65,,,,
,ร้านจิตต์ อะไหล่ Due 7 - 12/11/2565,34660,,โอน 14/11/65,,,,
,ร้านจิตต์ อะไหล่ Due 14 - 19/11/2565,40007,,โอน 21/11/65,,,,
,ร้านจิตต์ อะไหล่ Due 21 - 26/11/2565,72011,,โอน 28/11/65,,,,
,ศรีสยาม Due 31/10 - 6/11/65,57577,,โอน 6/12/65,,,,
,ศรีสยาม Due 7 - 13/11/65,34920.8,,โอน 20/12/65,,,,
,ศรีสยาม Due 14 - 20/11/65,61788.05,,โอน 20/12/65,,,,
,ศรีสยาม Due 21 - 27/11/65,35933.92,,โอน 4/1/66,,,,
,ร้านเจ๊แอน,24400,,โอน 2/12/65,,,,
,ร้านโสภา ,7000,,โอน 2/7/66,,,,
,ชื่อร้านค้า,ยอดรวม,เลขที่บิล,หมายเหตุ,,,,
2565-12-06,ทาเลนท์อินเตอร์เทรด,15724.72,IV2207853,โอน 3/3/66,,,,
2565-12-14,ห้างหุ้นส่วนจำกัด พี.บี. เพ้นต์,51360,65/800,โอน 3/3/66,,,,
2565-12-08,ออโต้เทรด มาร์เก็ตติ้ง,26810.99,IV1425090,โอน 9/12/65,,,,
2565-12-13,ออโต้เทรด มาร์เก็ตติ้ง,8650.95,IV1425317,โอน 24/12/65,,,,
2565-12-13,บจก. วีที คัลเลอร์ โปร,22791,IV308-65,โอน 3/3/66,,,,
2565-12-19,บจก. วีที คัลเลอร์ โปร,154550.8,IV318-65,โอน 3/3/66,,,,
2565-12-20,บจก. วีที คัลเลอร์ โปร,11067.06,IV322-65,โอน 3/3/66,,,,
2565-12-22,บจก. วีที คัลเลอร์ โปร,9416,IV328-65,โอน 3/3/66,,,,
2565-12-22,ไทยนครพัฒนา,49166.5,INV22120804,โอน 9/3/66,,,,
,ทาเลนท์อินเตอร์เทรด -- ใบลดหนี้ ฟองน้ำขาว 3M 5723 (2อัน),-1562,SR6601006,ทำบิลมา 5/1/66,,,,
,ร้านจิตต์ อะไหล่ Due 28/11 - 3/12/2565,57221,,โอน 6/12/65,,,,
,ร้านจิตต์ อะไหล่ Due 5 - 10/12/2565,39188,,โอน 12/12/65,,,,
,ร้านจิตต์ อะไหล่ Due 12 - 17/12/2565,67381,,โอน 19/12/65,,,,
,ร้านจิตต์ อะไหล่ Due 19 - 24/12/2565,50264,,โอน 26/12/65,,,,
,ร้านจิตต์ อะไหล่ Due 26 - 29/12/2565,13720,,โอน 4/1/66,,,,
,ศรีสยาม Due 28/11 - 4/12/65,49872.26,,โอน 4/1/66,,,,
,ศรีสยาม Due 5 - 11/12/65,71801.2,,โอน 13/1/66,,,,
,ศรีสยาม Due 12 - 18/12/65,33609.31,,โอน 23/1/66,,,,
,ศรีสยาม Due 19 - 25/12/65,36686.51,,โอน 23/1/66,,,,
,ศรีสยาม Due 26 - 1/1/66,6559.96,,โอน 7/2/66,,,,
2565-12-19,กิ๊บน๊อต / ร้านต้นคิด   ,2360,,โอน 19/12/65,,,,
,ร้านเจ๊แอน,33000,,โอน 2/1/66,,,,
,ร้านโสภา,8750,,โอน 2/7/66,,,,
,ชื่อร้านค้า,ยอดรวม,เลขที่บิล,หมายเหตุ,,,,
2566-01-07,หจก. ไทยออโต้โคท (น้ำยาป้องกันสนิม ออโต้โคท/ทัฟโค้ท สีดำ),6500,,โอน 7/1/66,,,,
2566-01-31,ออโต้เทรด มาร์เก็ตติ้ง (รายการส่วนต่างเพิ่มเติม) ,834.6,IV1427206,โอน 3/2/66,ลงคอมพ์แล้ว,,,
2566-01-17,บจก. วีที คัลเลอร์ โปร,2910.4,IV036-66,โอน 16/4/66,,,,
2566-01-22,บจก. วีที คัลเลอร์ โปร,50183,IV041-66,โอน 16/4/66,,,,
2566-01-22,บจก. วีที คัลเลอร์ โปร,106657.6,IV042-66,โอน 16/4/66,,,,
2566-01-03,ทาเลนท์อินเตอร์เทรด,6141.8,IV2209110,โอน 18/5/66,ลงคอมพ์แล้ว,,,
2566-01-19,ทาเลนท์อินเตอร์เทรด,7808.86,IB3005285,โอน 18/5/66,ลงคอมพ์แล้ว,,,
2566-01-05,ทาเลนท์อินเตอร์เทรด -- ใบลดหนี้,-1671.34,SR6601006,โอน 18/5/66,,,,
,ร้านจิตต์ อะไหล่ Due 2 - 7/1/2566,37590,,โอน 9/1/66,,,,
,ร้านจิตต์ อะไหล่ Due 9 - 14/1/2566,60658.93,,โอน 16/1/66,,,,
,ร้านจิตต์ อะไหล่ Due 16 - 20/1/2566,61214,,โอน 23/1/66,,,,
,ร้านจิตต์ อะไหล่ Due 23 - 28/1/2566,47941,,โอน 30/1/66,,,,
,ศรีสยาม Due 2 - 8/1/66,52712.89,,โอน 7/2/66,,,,
,ศรีสยาม Due 9 - 15/1/66,122751.51,,โอน 21/2/66,,,,
,ศรีสยาม Due 16 - 22/1/66,57125.32,,โอน 21/2/66,,,,
,ศรีสยาม Due 23 - 29/1/66,65678.12,,โอน 4/3/66,,,,
,ร้านเจ๊แอน,30360,,โอน 1/2/66,,,,
,ร้านโสภา,9200,,โอน 2/7/66,,,,
,ชื่อร้านค้า,ยอดรวม,เลขที่บิล,หมายเหตุ,,,,
2566-02-03,ไทยนครพัฒนา,26696.5,INV23020087,โอน 24/4/66,,,,
2566-02-05,บจก. วีที คัลเลอร์ โปร -- กระดาษกาว 2 ลัง,5000,ไม่มีบิล,โอน 6/2/66,,,,
2566-02-09,บจก. วีที คัลเลอร์ โปร,30548.5,IV088-66,โอน 16/4/66,,,,
2566-02-22,บจก. วีที คัลเลอร์ โปร,90361.5,IV113-66,โอน 16/4/66,,,,
2566-02-22,บจก. วีที คัลเลอร์ โปร,146718.4,IV114-66,โอน 16/4/66,,,,
2566-02-06,ออโต้เทรด มาร์เก็ตติ้ง ,13214.5,IV1427558,โอน 15/2/66,ลงคอมพ์แล้ว,,,
2566-02-07,ออโต้เทรด มาร์เก็ตติ้ง ,10486,IV1427669,โอน 15/2/66,ลงคอมพ์แล้ว,,,
2566-02-09,ห้างหุ้นส่วนจำกัด พี.บี. เพ้นต์,51360,66/078,โอน 12/5/66,ไทยพาณิชย์ 342-237-7609 หจก. พี.บี. เพ้นต์,,,
2566-02-10,ทาเลนท์อินเตอร์เทรด,5859.32,IB3006698,โอน 18/5/66,ลงคอมพ์แล้ว,,,
2566-02-11,ทาเลนท์อินเตอร์เทรด,1070,IB3006761,โอน 18/5/66,ลงคอมพ์แล้ว,,,
2566-02-15,ทาเลนท์อินเตอร์เทรด,2668.58,IB3006977,โอน 18/5/66,ลงคอมพ์แล้ว,,,
2566-02-18,ทาเลนท์อินเตอร์เทรด,406.6,IB3007149,โอน 18/5/66,ลงคอมพ์แล้ว,,,
,ร้านจิตต์ อะไหล่ Due 30/1 - 4/2/2566,49910,,โอน 6/2/66,,,,
,ร้านจิตต์ อะไหล่ Due 6 - 10/2/2566,40095,,โอน 14/2/66,,,,
,ร้านจิตต์ อะไหล่ Due 13 - 18/2/2566,50503.86,,โอน 21/2/66,,,,
,ร้านจิตต์ อะไหล่ Due 20 - 25/2/2566,62557.54,,โอน 28/2/66,,,,
,ศรีสยาม Due 30/1 - 5/2/66,48590.2,,โอน 4/3/66,,,,
,ศรีสยาม Due 6 - 12/2/66,71767.69,,โอน 17/3/66,,,,
,ศรีสยาม Due 13 - 19/2/66,23095.89,,โอน 22/3/66,,,,
,ศรีสยาม Due 20 - 26/2/66,84846.45,,โอน 1/4/66,,,,
2566-02-22,กิ๊บน๊อต / ร้านต้นคิด   ,2700,,โอน 4/3/66,,,,
,ร้านเจ๊แอน,32920,,โอน 1/3/66,,,,
,ร้านโสภา,5500,,โอน 2/7/66,,,,
,ชื่อร้านค้า,ยอดรวม,เลขที่บิล,หมายเหตุ,,,,
2566-03-02,บจก. วีที คัลเลอร์ โปร -- กระดาษกาว (จ่ายสด),10000,,โอน 3/3/66,,,,
2566-03-09,หจก. ไทยออโต้โคท (น้ำยาป้องกันสนิม ออโต้โคท/ทัฟโค้ท สีดำ),6500,,โอน 27/3/66,,,,
2566-03-02,บจก. วีที คัลเลอร์ โปร,13054,IV130-66,โอน 13/6/66,,,,
2566-03-10,บจก. วีที คัลเลอร์ โปร,32485.2,IV150-66,โอน 13/6/66,,,,
2566-03-20,บจก. วีที คัลเลอร์ โปร,30762.5,IV168-66,โอน 13/6/66,,,,
2566-03-23,บจก. วีที คัลเลอร์ โปร,83930.8,IV177-66,โอน 13/6/66,,,,
2566-03-23,บจก. วีที คัลเลอร์ โปร,57673,IV178-66,โอน 13/6/66,,,,
2566-03-21,ห้างหุ้นส่วนจำกัด พี.บี. เพ้นต์,51360,66/175,โอน 8/6/66,ไทยพาณิชย์ 342-237-7609 หจก. พี.บี. เพ้นต์,,,
2566-03-17,ไทยนครพัฒนา,27568.55,INV23030628,โอน 18/5/66,ลงคอมพ์แล้ว,,,
2566-06-02,ทาเลนท์อินเตอร์เทรด,8153.4,IB3007951,โอน 2/7/66,ลงคอมพ์แล้ว,,,
2566-06-13,ทาเลนท์อินเตอร์เทรด,11209.32,IB3008531,โอน 2/7/66,ลงคอมพ์แล้ว,,,
2566-03-18,ทาเลนท์อินเตอร์เทรด,4681.25,IB3008935,โอน 2/7/66,ลงคอมพ์แล้ว,,,
2566-03-30,ทาเลนท์อินเตอร์เทรด,1537.59,IB3009612,โอน 2/7/66,ลงคอมพ์แล้ว,,,
2566-03-30,ทาเลนท์อินเตอร์เทรด,609.9,IB3009634,โอน 2/7/66,ลงคอมพ์แล้ว,,,
2566-03-30,ทาเลนท์อินเตอร์เทรด -- ใบลดหนี้,-347.75,SR6603041,โอน 2/7/66,ลงคอมพ์แล้ว,,,
2566-03-04,กิ๊บน๊อต / ร้านต้นคิด   ,600,,โอน 4/3/66,,,,
2566-03-04,กิ๊บน๊อต / ร้านต้นคิด   ,6560,,โอน 4/3/66,,,,
2566-03-14,กิ๊บน๊อต / ร้านต้นคิด   ,1500,,โอน 3/5/66,,,,
2566-03-24,กิ๊บน๊อต / ร้านต้นคิด   ,1900,,โอน 3/5/66,,,,
,ร้านจิตต์ อะไหล่ Due 27/2 - 4/3/2566,99754.35,,โอน 6/3/66,,,,
,ร้านจิตต์ อะไหล่ Due 6 - 11/3/2566,69527.79,,โอน 13/3/66,,,,
,ร้านจิตต์ อะไหล่ Due 13 - 18/3/2566,55944.55,,โอน 20/3/66,,,,
,ร้านจิตต์ อะไหล่ Due 20 - 25/3/2566,90300.88,,โอน 27/3/66,,,,
,ร้านจิตต์ อะไหล่ Due 27/3 - 1/4/2566,59505.81,,โอน 4/4/66,,,,
,ศรีสยาม Due 27/2 - 5/3/66,43042.94,,โอน 10/4/66,,,,
,ศรีสยาม Due 6 - 12/3/66,103851.76,,โอน 10/4/66,,,,
,ศรีสยาม Due 13 - 19/3/66,49368.01,,โอน 23/4/66,,,,
,ศรีสยาม Due 20 - 26/3/66,40464.62,,โอน 23/4/66,,,,
,ศรีสยาม Due 27/3 - 2/4/66,38157.15,,โอน 6/5/66,,,,
,ร้านเจ๊แอน,31310,,โอน 4/2/66,,,,
,ร้านโสภา ,5200,,โอน 2/7/66,,,,
,ชื่อร้านค้า,ยอดรวม,เลขที่บิล,หมายเหตุ,,,,
2566-04-05,ออโต้เทรด มาร์เก็ตติ้ง ,19677.3,IV1430190,โอน 5/4/66,,,,
2566-04-05,ออโต้เทรด มาร์เก็ตติ้ง -- หักคืนค่ากระดาษทรายที่รับคืน 6แพ็ค,-3755.7,,เคลียร์ยอดโอน 5/4/66,คืน 12แพ็ค/แพ็คละ 50แผ่น ร้านเลยรวมเป็น 6แพ็ค/แพ็คละ 100 แผ่น (ราคาแผ่นละ 9บาท),,,
2566-04-18,ออโต้เทรด มาร์เก็ตติ้ง ,10015.2,IV1430628,โอน 24/4/66,,,,
2566-04-24,บจก. วีที คัลเลอร์ โปร ,128956.4,IV226-66,โอน 2/7/66,ลงคอมพ์แล้ว,,,
2566-04-25,บจก. วีที คัลเลอร์ โปร ,7062,IV230-66,โอน 2/7/66,ลงคอมพ์แล้ว,,,
2566-04-28,บจก. วีที คัลเลอร์ โปร -- กระดาษกาว (จ่ายสด),5000,,โอน 28/4/66,,,,
2566-04-03,ทาเลนท์อินเตอร์เทรด,1537.59,IB3009871,โอน 2/7/66,ลงคอมพ์แล้ว,,,
2566-04-18,ทาเลนท์อินเตอร์เทรด,2953.2,IV2210406,โอน 2/7/66,ลงคอมพ์แล้ว,,,
2566-04-19,ออโต้เทรด มาร์เก็ตติ้ง ,10015.2,IV1430628,โอน 24/4/66,ลงคอมพ์แล้ว,,,
2566-04-06,ค่ากิ๊บน๊อต / ร้าน 55 กิ๊บน๊อต,1000,,โอน 7/4/66,,,,
2566-04-01,กิ๊บน๊อต / ร้านต้นคิด   ,3050,,โอน 3/5/66,,,,
,ร้านจิตต์ อะไหล่ Due 3 - 8/4/2566,23256,,โอน 19/4/66,,,,
,ร้านจิตต์ อะไหล่ Due 10 - 22/4/2566,45160.72,,โอน 24/4/66,,,,
,ร้านจิตต์ อะไหล่ Due 24 - 29/4/2566,93628.55,,โอน 3/5/66,,,,
,ศรีสยาม Due 3 - 9/4/66,8644.89,,โอน 12/5/66,,,,
,ศรีสยาม Due 10 - 16/4/66 -- ยอดติดลบ,-155,,,,,,
,ศรีสยาม Due 17 - 23/4/66,49217.82,,โอน 24/5/66,,,,
,ศรีสยาม Due 24 - 30/4/66,22620.47,,โอน 1/6/66,,,,
,ร้านเจ๊แอน,12350,,โอน 3/5/66,,,,
,ร้านโสภา,2500,,โอน 2/7/66,,,,
,ชื่อร้านค้า,ยอดรวม,เลขที่บิล,หมายเหตุ,,,,
2566-05-13,ออโต้เทรด มาร์เก็ตติ้ง ,10143.6,IV1431907,โอน 16/5/66,,,,
2566-05-17,ออโต้เทรด มาร์เก็ตติ้ง ,599.2,IV1432054,โอน 23/5/66,ลงคอมพ์แล้ว,,,
2566-05-17,ออโต้เทรด มาร์เก็ตติ้ง ,1338.57,IV1432091,โอน 23/5/66,ลงคอมพ์แล้ว,,,
2566-05-02,ทาเลนท์อินเตอร์เทรด,5450.58,IV2211226,โอน 9/9/66,ลงคอมพ์แล้ว,,,
2566-05-04,ทาเลนท์อินเตอร์เทรด,1712,IV2211423,โอน 9/9/66,ลงคอมพ์แล้ว,,,
2566-05-18,ทาเลนท์อินเตอร์เทรด,7276,IV2212326,โอน 9/9/66,ลงคอมพ์แล้ว,,,
2566-05-23,ทาเลนท์อินเตอร์เทรด,4530.38,IV2212637,โอน 9/9/66,ลงคอมพ์แล้ว,,,
2566-05-24,ทาเลนท์อินเตอร์เทรด,6663.96,IV2212728,โอน 9/9/66,ลงคอมพ์แล้ว,,,
2566-05-26,ทาเลนท์อินเตอร์เทรด,2953.2,IV2212851,โอน 9/9/66,ลงคอมพ์แล้ว,,,
2566-05-31,ทาเลนท์อินเตอร์เทรด,7318.8,IV2213077,โอน 9/9/66,ลงคอมพ์แล้ว,,,
2566-05-20,หจก. ไทยออโต้โคท (น้ำยาป้องกันสนิม ออโต้โคท/ทัฟโค้ท สีดำ),6500,,โอน 22/5/66,,,,
2566-05-04,ไทยนครพัฒนา,23074.55,INV23050155,โอน 2/7/66,ลงคอมพ์แล้ว,,,
2566-05-06,ไทยนครพัฒนา,6527,INV23050217,โอน 2/7/66,ลงคอมพ์แล้ว,,,
2566-05-15,ห้างหุ้นส่วนจำกัด พี.บี. เพ้นต์,51360,66/287,โอน 8/8/66,ลงคอมพ์แล้ว,,,
,ร้านจิตต์ อะไหล่ Due 1 - 6/5/2566,50873.26,,โอน 8/5/66,,,,
,ร้านจิตต์ อะไหล่ Due 7 - 13/5/2566,88301.66,,โอน 15/5/66,,,,
,ร้านจิตต์ อะไหล่ Due 15 - 20/5/2566,55331.58,,โอน 22/5/66,,,,
,ร้านจิตต์ อะไหล่ Due 22 - 27/5/2566,92950.85,,โอน 29/5/66,,,,
,ร้านจิตต์ อะไหล่ Due 29/5 - 3/6/2566,108076.47,,โอน 7/6/66,,,,
,ศรีสยาม Due 1 - 7/5/66,43911.45,,โอน 11/6/66,,,,
,ศรีสยาม Due 8 - 14/5/66,31266.01,,โอน 17/6/66,,,,
,ศรีสยาม Due 15 - 21/5/66,75861.02,,โอน 24/6/66,,,,
,ศรีสยาม Due 22 - 28/5/66,54977.13,,โอน 2/7/66,,,,
,ร้านเจ๊แอน,39730,,โอน 8/6/66,,,,
,ร้านโสภา,1950,,โอน 2/7/66,,,,
,ชื่อร้านค้า,ยอดรวม,เลขที่บิล,หมายเหตุ,,,,
2566-06-21,บจก. วีที คัลเลอร์ โปร -- กระดาษกาว (จ่ายสด),3168,,โอน 21/6/66,,,,
2566-06-13,บจก. วีที คัลเลอร์ โปร ,34775,IV329-66,โอน 7/9/66,ลงคอมพ์แล้ว,,,
2566-06-14,บจก. วีที คัลเลอร์ โปร ,21770.22,IV336-66,โอน 7/9/66,ลงคอมพ์แล้ว,,282304.52,
2566-06-24,บจก. วีที คัลเลอร์ โปร ,34293.5,IV352-66,โอน 7/9/66,ลงคอมพ์แล้ว,,,
2566-06-24,บจก. วีที คัลเลอร์ โปร ,60241,IV353-66,โอน 7/9/66,ลงคอมพ์แล้ว,,,
2566-06-24,บจก. วีที คัลเลอร์ โปร ,131224.8,IV354-66,โอน 7/9/66,ลงคอมพ์แล้ว,,,
2566-06-15,ห้างหุ้นส่วนจากัด พีอาร์โอ ซัพพลาย,3531,,โอน 15/6/66,,,,
2566-06-15,ทาเลนท์อินเตอร์เทรด,10143.6,IV2214252,โอน 7/10/66,ลงคอมพ์แล้ว,,,
2566-06-19,ทาเลนท์อินเตอร์เทรด,3638,IV2214486,โอน 7/10/66,ลงคอมพ์แล้ว,,,
2566-06-20,ทาเลนท์อินเตอร์เทรด,5906.4,IV2214540,โอน 7/10/66,ลงคอมพ์แล้ว,,,
2566-06-12,ไทยนครพัฒนา,28729.5,INV23060429,โอน 8/8/66,ลงคอมพ์แล้ว,,,
2566-06-14,ออโต้เทรด มาร์เก็ตติ้ง ,23329.21,IV1433445,โอน 24/6/66,ลงคอมพ์แล้ว,,,
2566-06-26,ห้างหุ้นส่วนจำกัด พี.บี. เพ้นต์,51360,66/393,โอน 9/9/66,ลงคอมพ์แล้ว,,,
,ศรีสยาม Due 29/5 - 4/6/66,46261.66,,โอน 9/7/66,,,,
,ศรีสยาม Due 5 - 11/6/66,59623.52,,โอน 17/7/66,,,,
,ศรีสยาม Due 12 - 18/6/66,149007.04,,โอน 19/7/66,,,,
,ศรีสยาม Due 19 - 25/6/66,19413.85,,โอน 3/8/66,,,,
,ศรีสยาม Due 26/6 - 2/7/66,116985.31,,โอน 3/8/66,,,,
,ร้านจิตต์ อะไหล่ Due 5 - 10/6/2566,84275.5,,โอน 13/6/66,,,,
,ร้านจิตต์ อะไหล่ Due 12 - 17/6/2566,67813.93,,โอน 20/6/66,,,,
,ร้านจิตต์ อะไหล่ Due 19 - 24/6/2566,75295.26,,โอน 26/6/66,,,,
,ร้านจิตต์ อะไหล่ Due 26/6 - 1/7/2566,59675.94,,โอน 5/7/66,,,,
,ร้านโสภา,2150,,โอน 2/7/66,,,,
,ร้านเจ๊แอน,44230,,โอน 2/7/66,,,,
,ชื่อร้านค้า,ยอดรวม,เลขที่บิล,หมายเหตุ,,,,
2566-07-11,บจก. ฟอร์เวิร์ด อินคอร์ปอร์เรชั่น (ประเทศไทย),16050,FW6607396,โอน 11/7/66,,,,
2566-07-25,ห้างหุ้นส่วนจำกัด พี.บี. เพ้นต์,51360,66/456,โอน 19/10/66,ลงคอมพ์แล้ว,,,
2566-07-10,ไทยนครพัฒนา,35470.5,INV23070398,โอน 9/9/66,ลงคอมพ์แล้ว,,,
2566-07-05,บจก. วีที คัลเลอร์ โปร ,2996,IV374-66,โอน 29/9/66,ลงคอมพ์แล้ว,,,
2566-07-10,บจก. วีที คัลเลอร์ โปร ,39258.3,IV387-66,โอน 29/9/66,ลงคอมพ์แล้ว,,,
2566-07-21,บจก. วีที คัลเลอร์ โปร ,37985,IV410-66,โอน 29/9/66,ลงคอมพ์แล้ว,,,
2566-07-27,บจก. วีที คัลเลอร์ โปร ,33972.5,IV423-66,โอน 29/9/66,ลงคอมพ์แล้ว,,,
2566-07-27,บจก. วีที คัลเลอร์ โปร ,45956.5,IV424-66,โอน 29/9/66,ลงคอมพ์แล้ว,,,
2566-07-27,บจก. วีที คัลเลอร์ โปร ,113355.8,IV425-66,โอน 29/9/66,ลงคอมพ์แล้ว,,,
2566-07-14,ทาเลนท์อินเตอร์เทรด,4647.08,IV2216248,โอน 7/10/66,ลงคอมพ์แล้ว,,,
,ร้านเจ๊แอน,26070,,โอน 3/8/66,,,,
,ศรีสยาม Due 3 - 9/7/66,131448.26,,โอน 16/8/66,,,,
,ศรีสยาม Due 10 - 16/7/66,131639.25,,โอน 16/8/66,,,,
,ศรีสยาม Due 17 - 23/7/66,64606.24,,โอน 4/9/66,,,,
,ศรีสยาม Due 24 - 30/7/66,46228.16,,โอน 4/9/66,,,,
,ร้านจิตต์ อะไหล่ Due 3 - 8/7/2566,92043.56,,โอน 11/7/66,,,,
,ร้านจิตต์ อะไหล่ Due 10 - 31/7/2566,183207.92,,โอน 16/8/66,,,,
,ร้านโสภา,5500,,โอน 17/11/66,,,,
,ชื่อร้านค้า,ยอดรวม,เลขที่บิล,หมายเหตุ,,,,
2566-08-07,ออโต้เทรด มาร์เก็ตติ้ง ,24396,IV1435877,โอน 9/9/66,ลงคอมพ์แล้ว,,,
2566-08-08,ออโต้เทรด มาร์เก็ตติ้ง ,16906,IV1436009,โอน 3/11/66,ลงคอมพ์แล้ว,,,
2566-08-22,ห้างหุ้นส่วนจำกัด พี.บี. เพ้นต์,51360,66/521,โอน 2/11/66,ลงคอมพ์แล้ว,,,
2566-08-15,ไทยนครพัฒนา,29601.55,INV23080494,โอน 19/10/66,ลงคอมพ์แล้ว,,,
2566-08-09,บจก. วีที คัลเลอร์ โปร ,9922.11,IV450-66,โอน 2/11/66,ลงคอมพ์แล้ว,,,
2566-08-21,บจก. วีที คัลเลอร์ โปร ,59920,IV469-66,โอน 2/11/66,ลงคอมพ์แล้ว,,,
2566-08-21,บจก. วีที คัลเลอร์ โปร ,151426.4,IV470-66,โอน 2/11/66,ลงคอมพ์แล้ว,,,
2566-08-01,ทาเลนท์อินเตอร์เทรด,1129.92,IV2217111,โอน 17/11/66,ลงคอมพ์แล้ว,,,
2566-08-02,ทาเลนท์อินเตอร์เทรด,2050.12,IV2217239,โอน 17/11/66,ลงคอมพ์แล้ว,,,
2566-08-10,ทาเลนท์อินเตอร์เทรด,2953.2,IV2217919,โอน 17/11/66,ลงคอมพ์แล้ว,,,
2566-08-11,ทาเลนท์อินเตอร์เทรด,3477.5,IV2217986,โอน 17/11/66,ลงคอมพ์แล้ว,,,
2566-08-15,ทาเลนท์อินเตอร์เทรด,719.04,IV2218115,โอน 17/11/66,ลงคอมพ์แล้ว,,,
2566-08-07,ค่ากิ๊บน๊อต / ร้าน 55 กิ๊บน๊อต,1600,,โอน 7/8/66,,,,
2566-08-12,กิ๊บน๊อต / ร้านต้นคิด   ,1800,,,ลงคอมพ์แล้ว,,,
,ศรีสยาม Due 31/7 - 6/8/66,65828.02,,โอน 7/9/66,,,,
,ศรีสยาม Due 7 - 13/8/66,81948.08,,โอน 18/9/66,,,,
,ศรีสยาม Due 14 - 20/8/66,134023.92,,โอน 25/9/66,,,,
,ศรีสยาม Due 21 - 27/8/66,59825.77,,โอน 29/9/66,,,,
,ศรีสยาม Due 28/8 - 3/9/66,76298.29,,โอน 7/10/66,,,,
,ร้านเจ๊แอน,27980,,โอน 4/9/66,,,,
,ร้านจิตต์ อะไหล่ Due 1 - 31/8/2566,223592.35,,โอน 29/9/2566,,,,
,ร้านโสภา,4100,,โอน 17/11/66,,,,
,ชื่อร้านค้า,ยอดรวม,เลขที่บิล,หมายเหตุ,,,,
2566-09-11,ไทยนครพัฒนา,36342.55,INV23090410,โอน 17/11/66,ลงคอมพ์แล้ว,,,
2566-09-21,ทาเลนท์อินเตอร์เทรด,7415.1,IV2220473,โอน 6/1/67,ลงคอมพ์แล้ว,,,
2566-09-22,ทาเลนท์อินเตอร์เทรด,856,IV2220530,โอน 6/1/67,ลงคอมพ์แล้ว,,,
2566-09-22,ทาเลนท์อินเตอร์เทรด,5906.4,IV2220554,โอน 6/1/67,ลงคอมพ์แล้ว,,,
2566-09-22,ห้างหุ้นส่วนจำกัด พี.บี. เพ้นต์,51360,66/601,โอน 13/12/66,ลงคอมพ์แล้ว,,,
2566-09-08,บจก. วีที คัลเลอร์ โปร ,4151.6,IV516-66,โอน 2/12/66,ลงคอมพ์แล้ว,,,
2566-09-09,บจก. วีที คัลเลอร์ โปร ,33705,IV517-66,โอน 2/12/66,ลงคอมพ์แล้ว,,,
2566-09-22,บจก. วีที คัลเลอร์ โปร ,77628.5,IV541-66,โอน 2/12/66,ลงคอมพ์แล้ว,,,
2566-09-22,บจก. วีที คัลเลอร์ โปร ,116116.4,IV542-66,โอน 2/12/66,ลงคอมพ์แล้ว,,,
,ศรีสยาม Due 4 - 10/9/66,112802.91,,โอน 14/10/66,,,,
,ศรีสยาม Due 11 - 17/9/66,57054,,โอน 19/10/66,,,,
,ศรีสยาม Due 18 - 24/9/66,45246.48,,โอน 26/10/66,,,,
,ศรีสยาม Due 25/9 - 1/10/66,74669.73,,โอน 2/11/66,,,,
,ร้านเจ๊แอน,50650,,โอน 3/10/66,,,,
,ร้านจิตต์ อะไหล่ Due 1 - 30/9/2566,174670.69,,โอน 31/10/66,,,,
,ร้านโสภา,12400,,โอน 17/11/66,,,,
,ชื่อร้านค้า,ยอดรวม,เลขที่บิล,หมายเหตุ,,,,
2566-10-24,ห้างหุ้นส่วนจำกัด พี.บี. เพ้นต์,51360,66/667,โอน 27/12/66,ลงคอมพ์แล้ว,,,
2566-10-05,ออโต้เทรด มาร์เก็ตติ้ง ,19752.2,IV1438645,โอน 3/11/66,ลงคอมพ์แล้ว,,,
2566-10-06,บจก. วีที คัลเลอร์ โปร,1540.8,IV575-66,โอน 27/12/66,ลงคอมพ์แล้ว,,,
2566-10-16,บจก. วีที คัลเลอร์ โปร,26482.5,IV591-66,โอน 27/12/66,ลงคอมพ์แล้ว,,,
2566-10-18,บจก. วีที คัลเลอร์ โปร (ขนแกะ) ,1680,,โอน 19/10/66 (จ่ายสด),ลงคอมพ์แล้ว,,,
2566-10-21,บจก. วีที คัลเลอร์ โปร,96460.5,IV685-66,โอน 27/12/66,ลงคอมพ์แล้ว,,,
2566-10-21,บจก. วีที คัลเลอร์ โปร,119433.4,IV685-66,โอน 27/12/66,ลงคอมพ์แล้ว,,,
2566-10-24,บจก. วีที คัลเลอร์ โปร,62702,IV619-66,โอน 27/12/66,ลงคอมพ์แล้ว,,,
2566-10-24,บจก. วีที คัลเลอร์ โปร,105758.8,IV620-66,โอน 27/12/66,ลงคอมพ์แล้ว,,,
2566-10-18,ไทยนครพัฒนา,13926.05,INV23100640,โอน 27/12/66,ลงคอมพ์แล้ว,,,
2566-10-10,ทาเลนท์อินเตอร์เทรด,8166.24,IV2221763,โอน 24/1/67,ลงคอมพ์แล้ว,,,
2566-10-12,ทาเลนท์อินเตอร์เทรด,442.98,IV2221901,โอน 24/1/67,ลงคอมพ์แล้ว,,,
2566-10-16,ทาเลนท์อินเตอร์เทรด,2535.9,IV2222022,โอน 24/1/67,ลงคอมพ์แล้ว,,,
2566-10-17,ทาเลนท์อินเตอร์เทรด,347.75,IV2222057,โอน 24/1/67,ลงคอมพ์แล้ว,,,
2566-10-24,ทาเลนท์อินเตอร์เทรด,1016.5,IV2222487,โอน 24/1/67,ลงคอมพ์แล้ว,,,
2566-10-26,ทาเลนท์อินเตอร์เทรด,3691.5,IV2222638,โอน 24/1/67,ลงคอมพ์แล้ว,,,
,ศรีสยาม Due 2 - 8/10/66,46638.77,,โอน 11/11/66,,,,
,ศรีสยาม Due 9 - 15/10/66,80521.83,,โอน 17/11/66,,,,
,ศรีสยาม Due 16 - 22/10/66,84962.92,,โอน 23/11/66,,,,
,ศรีสยาม Due 23 - 29/10/66,55152.58,,โอน 1/12/66,,,,
,ร้านเจ๊แอน,63070,,โอน 2/11/66,,,,
,ร้านจิตต์ อะไหล่ Due 1 - 31/10/2566,211847.96,,โอน 1/12/66,,,,
,ร้านโสภา,4150,,โอน 17/11/66,,,,
,ชื่อร้านค้า,ยอดรวม,เลขที่บิล,หมายเหตุ,,,,
2566-11-01,ทาเลนท์อินเตอร์เทรด,1786.9,IV2222917,โอน 25/2/67,ลงคอมพ์แล้ว,,,
2566-11-10,ทาเลนท์อินเตอร์เทรด,11000,IV2223646,โอน 25/2/67,ลงคอมพ์แล้ว,,,
2566-11-13,ทาเลนท์อินเตอร์เทรด,616.32,IV2223758,โอน 25/2/67,ลงคอมพ์แล้ว,,,
2566-11-11,ไทยนครพัฒนา,22657.25,INV23110457,โอน 10/1/67,ลงคอมพ์แล้ว,,,
2566-10-21,บจก. วีที คัลเลอร์ โปร,96460.5,IV684-66,โอน 5/2/67,ลงคอมพ์แล้ว,,,
2566-10-21,บจก. วีที คัลเลอร์ โปร,119433.4,IV685-66,โอน 5/2/67,ลงคอมพ์แล้ว,,,
2566-10-27,บจก. วีที คัลเลอร์ โปร,4494,IV695-66,โอน 5/2/67,ลงคอมพ์แล้ว,,,
2566-11-23,ห้างหุ้นส่วนจำกัด พี.บี. เพ้นต์,51360,66/746,โอน 5/2/67,ลงคอมพ์แล้ว,,,
2566-11-18,ออโต้เทรด มาร์เก็ตติ้ง ,8295.71,IV1440657,โอน 27/1/67,ลงคอมพ์แล้ว,,,
2566-11-22,ออโต้เทรด มาร์เก็ตติ้ง ,12685.92,IV1440827,โอน 27/1/67,ลงคอมพ์แล้ว,,,
2566-11-28,ออโต้เทรด มาร์เก็ตติ้ง ,13910,IV1441081,โอน 27/1/67,ลงคอมพ์แล้ว,,,
,ศรีสยาม Due 30/10 - 5/11/66,60373.66,,โอน 7/12/66,,,,
,ศรีสยาม Due 6 - 12/11/66,68030.48,,โอน 13/12/66,,,,
,ศรีสยาม Due 13 - 19/11/66,38804.87,,โอน 21/12/66,,,,
,ศรีสยาม Due 20 - 26/11/66,71687.11,,โอน 27/12/66,,,,
,ศรีสยาม Due 27/11 - 3/12/66,37994.48,,โอน 4/1/67,,,,
2566-11-23,กิ๊บน๊อต / ร้านต้นคิด   ,2700,,โอน 2/3/67,,,,
2566-11-27,ค่ากิ๊บน๊อต / ร้าน 55 กิ๊บน๊อต,2400,,โอน 27/11/66,,,,
2566-11-27,น้ำยาลงเบาะ-ลงล้อ,2120,,โอน 27/11/66,,,,
,ร้านเจ๊แอน,37980,,โอน 2/12/66,,,,
,ร้านจิตต์ อะไหล่ Due 1/11 - 6/12/2566,226758.78,,โอน 4/1/67,,,,
,ร้านโสภา,6900,,โอน 8/6/67,,,,
,ชื่อร้านค้า,ยอดรวม,เลขที่บิล,หมายเหตุ,,,,
,บจก. ฟอร์เวิร์ด อินคอร์ปอร์เรชั่น (ประเทศไทย),5350,FW6612021,โอน 29/11/66,,,,
2566-12-14,หจก. ไทยออโต้โคท (น้ำยาป้องกันสนิม ออโต้โคท/ทัฟโค้ท สีดำ),6500,,โอน 14/12/66,,,,
2566-12-22,ไทยนครพัฒนา,22202.5,INV23120895,โอน 25/2/67,ลงคอมพ์แล้ว,,,
2566-12-21,ห้างหุ้นส่วนจำกัด พี.บี. เพ้นต์,51360,66/823,โอน 14/3/67,ลงคอมพ์แล้ว,,,
2566-12-11,บจก. วีที คัลเลอร์ โปร,13696,IV734-66,โอน 2/3/67,ลงคอมพ์แล้ว,,,
2566-12-19,บจก. วีที คัลเลอร์ โปร,13482,IV756-66,โอน 2/3/67,ลงคอมพ์แล้ว,,,
2566-12-21,บจก. วีที คัลเลอร์ โปร,130197.6,IV764-66,โอน 2/3/67,ลงคอมพ์แล้ว,,,
2566-12-21,บจก. วีที คัลเลอร์ โปร,79287,IV765-66,โอน 2/3/67,ลงคอมพ์แล้ว,,,
2567-12-02,ทาเลนท์อินเตอร์เทรด,8763.3,IV2224867,โอน 3/4/2567,ลงคอมพ์แล้ว,,,
2566-12-06,ทาเลนท์อินเตอร์เทรด,1219.8,IV2225024,โอน 3/4/2567,ลงคอมพ์แล้ว,,,
2566-12-19,ทาเลนท์อินเตอร์เทรด,9405.3,IV2225888,โอน 3/4/2567,ลงคอมพ์แล้ว,,,
2566-12-21,ทาเลนท์อินเตอร์เทรด,11000,IV2225991,โอน 3/4/2567,ลงคอมพ์แล้ว,,,
,ร้านเจ๊แอน,11710,,โอน 27/12/66,,,,
,ศรีสยาม Due 4 - 31/12/2566,152665.12,,โอน 5/2/67,,,,
,ร้านจิตต์ อะไหล่ Due 1 - 31/12/2566,146227.27,,โอน 5/2/67,,,,
,ร้านโสภา,3500,,โอน 8/6/67,,,,
,ชื่อร้านค้า,ยอดรวม,เลขที่บิล,หมายเหตุ,,,,
2567-01-16,ทาเลนท์อินเตอร์เทรด,5341.44,IV2227023,โอน 3/4/2567,ลงคอมพ์แล้ว,,,
2567-01-22,บจก. วีที คัลเลอร์ โปร,19902,IV6701069,โอน 3/4/2567,ลงคอมพ์แล้ว,,,
2567-01-24,บจก. วีที คัลเลอร์ โปร,52055.5,IV6701079,โอน 3/4/2567,ลงคอมพ์แล้ว,,,
2567-01-24,บจก. วีที คัลเลอร์ โปร,76141.2,IV6701080,โอน 3/4/2567,ลงคอมพ์แล้ว,,,
,ร้านเจ๊แอน,47330,,โอน 5/2/67,,,,
,ศรีสยาม Due 1 - 31/1/2567,385987.7,,โอน 2/3/67,,,,
,ร้านจิตต์ อะไหล่ Due 1 - 31/1/2567,232140.54,,โอน 2/3/67,,,,
,ร้านโสภา,2200,,โอน 8/6/67,,,,
,ชื่อร้านค้า,ยอดรวม,เลขที่บิล,หมายเหตุ,,,,
2567-02-16,ไทยนครพัฒนา,21721,INV24020637,โอน 15/5/67,ลงคอมพ์แล้ว,,,
2567-02-02,ทาเลนท์อินเตอร์เทรด,3638,IV2228112,โอน 1/6/67,ลงคอมพ์แล้ว,,,
2567-02-16,ทาเลนท์อินเตอร์เทรด,11000,IV2228925,โอน 1/6/67,ลงคอมพ์แล้ว,,,
2567-02-22,ทาเลนท์อินเตอร์เทรด,9411.72,IV2229289,โอน 1/6/67,ลงคอมพ์แล้ว,,,
2567-02-23,ทาเลนท์อินเตอร์เทรด,3477.5,IV2229364,โอน 1/6/67,ลงคอมพ์แล้ว,,,
2567-02-13,ออโต้เทรด มาร์เก็ตติ้ง ,26653.7,IV1444437,โอน 8/5/67,ลงคอมพ์แล้ว,,,
2567-05-22,ออโต้เทรด มาร์เก็ตติ้ง ,1194.12,IV1444960,โอน 8/5/67,ลงคอมพ์แล้ว,,,
2567-02-12,บจก. วีที คัลเลอร์ โปร,31886,IV6702047,โอน 8/5/67,ลงคอมพ์แล้ว,,,
2567-02-26,บจก. วีที คัลเลอร์ โปร,63344,IV6702103,โอน 8/5/67,ลงคอมพ์แล้ว,,,
2567-02-26,บจก. วีที คัลเลอร์ โปร,127030.4,IV6702104,โอน 8/5/67,ลงคอมพ์แล้ว,,,
2567-02-28,บจก. วีที คัลเลอร์ โปร,11128,IV6702114,โอน 8/5/67,ลงคอมพ์แล้ว,,,
2567-02-24,ร้าน TUM autoshop -- บิล 24/2/67,6800,,โอน 25/2/67,,,,
,ร้านเจ๊แอน,41420,,โอน 2/3/67,,,,
,ศรีสยาม Due 1 - 28/2/2567,294373.98,,โอน 3/4/2567,,,,
,ร้านจิตต์ อะไหล่ Due 1 - 28/2/2567,397151.12,,โอน 3/4/2567,,,,
,ร้านโสภา,3350,,โอน 8/6/67,,,,
2567-02-23,กิ๊บน๊อต / ร้านต้นคิด   ,2500,,โอน 10/6/67,ลงคอมพ์แล้ว,,,
,ชื่อร้านค้า,ยอดรวม,เลขที่บิล,หมายเหตุ,,,,
2567-03-18,ทาเลนท์อินเตอร์เทรด,3334.12,IV2230655,โอน 4/7/67,ลงคอมพ์แล้ว,,,
2567-03-20,ทาเลนท์อินเตอร์เทรด,278.2,IV2230759,โอน 4/7/67,ลงคอมพ์แล้ว,,,
2567-03-20,ทาเลนท์อินเตอร์เทรด,11000,IV2230797,โอน 4/7/67,ลงคอมพ์แล้ว,,,
2567-03-27,ทาเลนท์อินเตอร์เทรด,8538.6,IV2231150,โอน 4/7/67,ลงคอมพ์แล้ว,,,
2567-03-08,บจก. วีที คัลเลอร์ โปร,19313.5,IV6703040,โอน 6/6/67,ลงคอมพ์แล้ว,,,
2567-03-19,บจก. วีที คัลเลอร์ โปร,115324.6,IV6703087,โอน 6/6/67,ลงคอมพ์แล้ว,,,
2567-03-19,บจก. วีที คัลเลอร์ โปร,76665.5,IV6703088,โอน 6/6/67,ลงคอมพ์แล้ว,,,
2567-03-19,บจก. วีที คัลเลอร์ โปร,6591.2,IV6703089,โอน 6/6/67,ลงคอมพ์แล้ว,,,
2567-03-21,ห้างหุ้นส่วนจำกัด พี.บี. เพ้นต์,51360,67/163,โอน 6/6/67,ลงคอมพ์แล้ว,,,
2567-03-20,ไทยนครพัฒนา,21721,INV24030847,โอน 18/6/67,ลงคอมพ์แล้ว,,,
,ศรีสยาม Due 1 - 31/3/2567,176203.3,,โอน 8/5/67,,,,
,ร้านจิตต์ อะไหล่ Due 1 - 31/3/2567,342342.25,,โอน 8/5/67,,,,
,ร้านโสภา,3600,,โอน 8/6/67,,,,
,ร้านเจ๊แอน,49790,,โอน 3/4/67,,,,
,ชื่อร้านค้า,ยอดรวม,เลขที่บิล,หมายเหตุ,,,,
2567-04-23,ไทยนครพัฒนา,21721,INV24040704,โอน 4/7/67,ลงคอมพ์แล้ว,,,
2567-04-22,บจก. วีที คัลเลอร์ โปร,217199.3,IV6704071,โอน 4/7/67,ลงคอมพ์แล้ว,,,
2567-04-22,บจก. วีที คัลเลอร์ โปร,21507,IV6704072,โอน 4/7/67,ลงคอมพ์แล้ว,,,
2567-04-25,ออโต้เทรด มาร์เก็ตติ้ง ,31624.92,IV1447634,โอน 21/6/67,ลงคอมพ์แล้ว,,,
,ศรีสยาม Due 1 - 30/4/2567,64018.34,,โอน 6/6/67,,,,
,ร้านจิตต์ อะไหล่ Due 1 - 30/4/2567,224147.43,,โอน 6/6/67,,,,
,ร้านโสภา,1800,,โอน 8/6/67,,,,
,ร้านเจ๊แอน,11960,,โอน 7/5/67,,,,
,ชื่อร้านค้า,ยอดรวม,เลขที่บิล,หมายเหตุ,,,,
2567-05-03,ทาเลนท์อินเตอร์เทรด,2953.2,IV2232778,โอน 4/9/67,ลงคอมพ์แล้ว,,,
2567-05-07,ทาเลนท์อินเตอร์เทรด,3659.4,IV2233057,โอน 4/9/67,ลงคอมพ์แล้ว,,,
2567-05-09,ทาเลนท์อินเตอร์เทรด,11000,IV2233213,โอน 4/9/67,ลงคอมพ์แล้ว,,,
2567-05-09,ทาเลนท์อินเตอร์เทรด,2846.2,IV2233217,โอน 4/9/67,ลงคอมพ์แล้ว,,,
2567-05-25,ทาเลนท์อินเตอร์เทรด,3160.78,IV2234107,โอน 4/9/67,ลงคอมพ์แล้ว,,,
2567-05-30,ทาเลนท์อินเตอร์เทรด,5773.72,IV2234378,โอน 4/9/67,ลงคอมพ์แล้ว,,,
2567-05-21,ห้างหุ้นส่วนจำกัด พี.บี. เพ้นต์,51360,67/248,โอน 25/7/67,ลงคอมพ์แล้ว,,,
2567-05-08,บจก. วีที คัลเลอร์ โปร,26322,IV6705049,โอน 6/8/67,ลงคอมพ์แล้ว,,,
2567-05-21,บจก. วีที คัลเลอร์ โปร,82978.5,IV6705104,โอน 6/8/67,ลงคอมพ์แล้ว,,,
2567-05-21,บจก. วีที คัลเลอร์ โปร,132787,IV6705105,โอน 6/8/67,ลงคอมพ์แล้ว,,,
2567-05-21,บจก. วีที คัลเลอร์ โปร,14552,IV6705106,โอน 6/8/67,ลงคอมพ์แล้ว,,,
2567-05-27,บจก. วีที คัลเลอร์ โปร,3852,IV6705126,โอน 6/8/67,ลงคอมพ์แล้ว,,,
2567-05-31,ออโต้เทรด มาร์เก็ตติ้ง ,10682.88,IV1449333,โอน 15/8/67,ลงคอมพ์แล้ว,,,
,ศรีสยาม Due 1 - 31/5/2567,341523.78,,โอน 4/7/67,,,,
,ร้านจิตต์ อะไหล่ Due 1 - 31/5/2567,252753.54,,โอน 4/7/67,,,,
,ร้านโสภา,4100,,โอน 8/6/67,,,,
2567-05-08,กิ๊บน๊อต / ร้านต้นคิด   ,2000,,โอน 10/6/67,ลงคอมพ์แล้ว,,,
,ร้านเจ๊แอน,42550,,โอน 4/6/67,,,,
,ชื่อร้านค้า,ยอดรวม,เลขที่บิล,หมายเหตุ,,,,
2567-06-10,บจก. วีที คัลเลอร์ โปร,963,IV6706068,โอน 4/9/67,ลงคอมพ์แล้ว,,,
2567-06-11,บจก. วีที คัลเลอร์ โปร,30441.5,IV6706078,โอน 4/9/67,ลงคอมพ์แล้ว,,,
2567-06-13,บจก. วีที คัลเลอร์ โปร,7704,IV6706083,โอน 4/9/67,ลงคอมพ์แล้ว,,,
2567-06-21,บจก. วีที คัลเลอร์ โปร,215958.1,IV6706124,โอน 4/9/67,ลงคอมพ์แล้ว,,,
2567-06-24,บจก. วีที คัลเลอร์ โปร,6313,IV6706130,โอน 4/9/67,ลงคอมพ์แล้ว,,,
2567-06-06,ทาเลนท์อินเตอร์เทรด,492.2,IV2234900,โอน 9/10/67,ลงคอมพ์แล้ว,,,
2567-06-17,ทาเลนท์อินเตอร์เทรด,5500,IV2235520,โอน 9/10/67,ลงคอมพ์แล้ว,,,
2567-06-17,ไทยนครพัฒนา,20300,INV24060638,โอน 9/10/67,ลงคอมพ์แล้ว,,,
2567-06-26,ห้างหุ้นส่วนจำกัด พี.บี. เพ้นต์,51360,67/370,โอน 4/9/67,ลงคอมพ์แล้ว,,,
,ร้านเจ๊แอน,39480,,โอน 4/7/67,,,,
,ร้านจิตต์ อะไหล่ Due 1 - 30/6/2567,247272.04,,โอน 6/8/67,,,,
,ศรีสยาม Due 1 - 30/6/2567,182798.47,,โอน 6/8/67,,,,
,ร้านโสภา,4800,,โอน 5/12/67,,,,
,ชื่อร้านค้า,ยอดรวม,เลขที่บิล,หมายเหตุ,,,,
2567-07-15,ไทยนครพัฒนา,21721,INV24070640,โอน 9/10/67,ลงคอมพ์แล้ว,,,
2567-07-31,ไทยนครพัฒนา (ยอด VAT ของบิลขายเดือน 6/67),1421,SA2407-001,โอน 9/10/67,ลงคอมพ์แล้ว,,,
2567-07-04,ทาเลนท์อินเตอร์เทรด,7935.12,IV2236517,โอน 7/11/67,ลงคอมพ์แล้ว,,,
2567-07-04,ทาเลนท์อินเตอร์เทรด,7276,IV2236562,โอน 7/11/67,ลงคอมพ์แล้ว,,,
2567-07-08,ทาเลนท์อินเตอร์เทรด,4922,IV2236779,โอน 7/11/67,ลงคอมพ์แล้ว,,,
2567-07-11,ทาเลนท์อินเตอร์เทรด,984.4,IV2236946,โอน 7/11/67,ลงคอมพ์แล้ว,,,
2567-07-16,ทาเลนท์อินเตอร์เทรด,11000,IV2237182,โอน 7/11/67,ลงคอมพ์แล้ว,,,
2567-07-30,ทาเลนท์อินเตอร์เทรด,524.3,IV2237861,โอน 7/11/67,ลงคอมพ์แล้ว,,,
2567-07-24,น้ำยาป้องกันสนิม ออโต้โค้ท/ทัฟโค้ท / หจก. ไทยออโต้โคท,6500,,โอน 25/7/67,ลงคอมพ์แล้ว,,,
2567-07-05,ออโต้เทรด มาร์เก็ตติ้ง ,16692,IV1451048,โอน 2/10/67,ลงคอมพ์แล้ว,,,
2567-07-11,บจก. วีที คัลเลอร์ โปร,31672,IV6707082,โอน 9/10/67,ลงคอมพ์แล้ว,,,
2567-07-11,บจก. วีที คัลเลอร์ โปร,1540.8,IV6707083,โอน 9/10/67,ลงคอมพ์แล้ว,,,
2567-07-23,บจก. วีที คัลเลอร์ โปร,83139,IV6707130,โอน 9/10/67,ลงคอมพ์แล้ว,,,
2567-07-23,บจก. วีที คัลเลอร์ โปร,135890,IV6707131,โอน 9/10/67,ลงคอมพ์แล้ว,,,
,ร้านเจ๊แอน,35100,,โอน 3/8/67,,,,
,ร้านจิตต์ อะไหล่ Due 1 - 31/7/2567,254586.35,,โอน 9/9/67,,,,
,ศรีสยาม Due 1 - 31/7/2567,257888.38,,โอน 9/9/67,,,,
,ร้านโสภา,2900,,โอน 5/12/67,,,,
,ชื่อร้านค้า,ยอดรวม,เลขที่บิล,หมายเหตุ,,,,
2567-08-14,บจก. วีที คัลเลอร์ โปร,32795.5,IV6708064,โอน 7/11/67,ลงคอมพ์แล้ว,,,
2567-08-14,บจก. วีที คัลเลอร์ โปร,13696,IV6708065,โอน 7/11/67,ลงคอมพ์แล้ว,,,
2567-08-23,บจก. วีที คัลเลอร์ โปร,74311.5,IV6708116,โอน 7/11/67,ลงคอมพ์แล้ว,,,
2567-08-23,บจก. วีที คัลเลอร์ โปร,104688.8,IV6708117,โอน 7/11/67,ลงคอมพ์แล้ว,,,
2567-08-27,บจก. วีที คัลเลอร์ โปร,1498,IV6708125,โอน 7/11/67,ลงคอมพ์แล้ว,,,
2567-08-26,ออโต้เทรด มาร์เก็ตติ้ง ,9737,IV1453250,โอน 2/10/67,ลงคอมพ์แล้ว,,,
2567-08-22,ห้างหุ้นส่วนจำกัด พี.บี. เพ้นต์,50290,67/481,โอน 5/11/67,ลงคอมพ์แล้ว,,,
2567-08-19,ไทยนครพัฒนา,21721,INV24080732,โอน 7/11/67,ลงคอมพ์แล้ว,,,
2567-08-20,ทาเลนท์อินเตอร์เทรด,11000,IV2239078,โอน 5/12/67,ลงคอมพ์แล้ว,,,
2567-08-07,หจก. พีอาร์โอ ซัพพลาย (ค่าพลาสติกม้วนใส 60หลา),3531,,โอน 7/8/67,,,,
,ร้านเจ๊แอน,37630,,โอน 4/9/67,,,,
2567-08-31,ค่ากิ๊บน๊อต / ร้าน 55 กิ๊บน๊อต,2000,,โอน 24/9/67,ลงคอมพ์แล้ว,,,
2567-08-23,กิ๊บน๊อต / ร้านต้นคิด   ,3210,,โอน 5/12/67,ลงคอมพ์แล้ว,,,
,ร้านจิตต์ อะไหล่ Due 1 - 31/8/2567,228226.91,,โอน 9/10/67,ลงคอมพ์แล้ว,,,
,ศรีสยาม Due 1 - 31/8/2567,194518.86,,โอน 9/10/67,ลงคอมพ์แล้ว,,,
,ร้านโสภา,3650,,โอน 5/12/67,,,,
,ชื่อร้านค้า,ยอดรวม,เลขที่บิล,หมายเหตุ,,,,
2567-09-23,ไทยนครพัฒนา,26750,INV24090928,โอน 5/12/67,ลงคอมพ์แล้ว,,,
2567-09-14,บจก. วีที คัลเลอร์ โปร,1797.6,IV6709078,โอน 5/12/67,ลงคอมพ์แล้ว,,,
2567-09-16,บจก. วีที คัลเลอร์ โปร,19313.5,IV6709082,โอน 5/12/67,ลงคอมพ์แล้ว,,,
2567-09-24,บจก. วีที คัลเลอร์ โปร,71315.5,IV6709122,โอน 5/12/67,ลงคอมพ์แล้ว,,,
2567-09-24,บจก. วีที คัลเลอร์ โปร,83888,IV6709123,โอน 5/12/67,ลงคอมพ์แล้ว,,,
2567-09-26,บจก. วีที คัลเลอร์ โปร,8781.22,IV6709136,โอน 5/12/67,ลงคอมพ์แล้ว,,,
2567-09-13,ทาเลนท์อินเตอร์เทรด,7827.05,IV2240627,โอน 31/12/67,ลงคอมพ์แล้ว,,,
2567-09-19,ทาเลนท์อินเตอร์เทรด,5500,IV2240911,โอน 31/12/67,ลงคอมพ์แล้ว,,,
2567-09-25,ทาเลนท์อินเตอร์เทรด,5906.4,IV2241234,โอน 31/12/67,ลงคอมพ์แล้ว,,,
,ร้านเจ๊แอน,30910,,โอน 2/10/67,,2400.0,,
,ร้านจิตต์ อะไหล่ Due 1 - 30/9/2567,208530.19,,โอน 9/11/67,,400.0,,
,ร้านศรีสยาม อะไหล่ Due 1 - 30/9/2567,357886.45,,โอน 9/11/67,,2800.0,,
,ร้านโสภา,2800,,โอน 5/12/67,,,,
,ชื่อร้านค้า,ยอดรวม,เลขที่บิล,หมายเหตุ,,,,
2567-10-01,บจก. วีที คัลเลอร์ โปร,749,IV6710011,โอน 31/12/67,ลงคอมพ์แล้ว,,,
2567-10-10,บจก. วีที คัลเลอร์ โปร,8046.4,IV6710058,โอน 31/12/67,ลงคอมพ์แล้ว,,,
2567-10-14,บจก. วีที คัลเลอร์ โปร,19474,IV6710073,โอน 31/12/67,ลงคอมพ์แล้ว,,,
2567-10-21,บจก. วีที คัลเลอร์ โปร,154122.8,IV6710109,โอน 31/12/67,ลงคอมพ์แล้ว,,,
2567-10-23,บจก. วีที คัลเลอร์ โปร,5992,IV6710117,โอน 31/12/67,ลงคอมพ์แล้ว,,,
2567-10-29,บจก. วีที คัลเลอร์ โปร,4280,IV6710152,โอน 31/12/67,ลงคอมพ์แล้ว,,,
2567-10-15,ทาเลนท์อินเตอร์เทรด,10194.96,IV2242407,โอน 10/2/68,ลงคอมพ์แล้ว,,,
2567-10-22,ทาเลนท์อินเตอร์เทรด,11000,IV2242741,โอน 10/2/68,ลงคอมพ์แล้ว,,,
2567-10-22,ทาเลนท์อินเตอร์เทรด,1232.64,IV2242758,โอน 10/2/68,ลงคอมพ์แล้ว,,,
2567-10-24,ทาเลนท์อินเตอร์เทรด,1177,IV2242852,โอน 10/2/68,ลงคอมพ์แล้ว,,,
2567-10-17,ห้างหุ้นส่วนจำกัด พี.บี. เพ้นต์,50290,67/601,โอน 31/12/67,ลงคอมพ์แล้ว,,,
,ร้านเจ๊แอน,79620,,โอน 4/11/67,,,,
,ร้านจิตต์ อะไหล่ Due 1 - 31/10/2567,233364.81,,โอน 5/12/67,,,,
,ร้านศรีสยาม อะไหล่ Due 1 - 31/10/2567,192640.04,,โอน 5/12/67,,,,
,ร้านโสภา,8010,,โอน 5/12/67,,,,
,ชื่อร้านค้า,ยอดรวม,เลขที่บิล,หมายเหตุ,,,,
2567-11-01,บจก. วีที คัลเลอร์ โปร,3466.8,IV6711021,โอน 10/2/68,ลงคอมพ์แล้ว,,,
2567-11-19,บจก. วีที คัลเลอร์ โปร,101222,IV6711103,โอน 10/2/68,ลงคอมพ์แล้ว,,,
2567-11-19,บจก. วีที คัลเลอร์ โปร,123542.2,IV6711104,โอน 10/2/68,ลงคอมพ์แล้ว,,,
2567-11-23,บจก. วีที คัลเลอร์ โปร,5724.5,IV6711134,โอน 10/2/68,ลงคอมพ์แล้ว,,,
2567-11-22,ไทยนครพัฒนา,21453.5,INV24110947,โอน 10/2/68,ลงคอมพ์แล้ว,,,
2567-11-21,ทาเลนท์อินเตอร์เทรด,5906.4,IV2244487,โอน 10/2/68,ลงคอมพ์แล้ว,,,
2567-11-20,ห้างหุ้นส่วนจำกัด พี.บี. เพ้นต์,50290,67/666,โอน 10/2/68,ลงคอมพ์แล้ว,,,
,ร้านโสภา,3420,,โอน 5/12/67,,,,
,ร้านเจ๊แอน,21930,,โอน 5/12/67,,,,
,ร้านจิตต์ อะไหล่ Due 1 - 30/11/2567,215019.35,,โอน 31/12/67,,,,
,ร้านศรีสยาม อะไหล่ Due 1 - 30/11/2567,309522.52,,โอน 31/12/67,,,,
,ชื่อร้านค้า,ยอดรวม,เลขที่บิล,หมายเหตุ,,,,
2567-12-13,ห้างหุ้นส่วนจำกัด พี.บี. เพ้นต์,50290,67/720,โอน 4/3/68,ลงคอมพ์แล้ว,,,
2567-12-03,ทาเลนท์อินเตอร์เทรด,11000,IV2245144,โอน 4/3/68,ลงคอมพ์แล้ว,,,
2567-12-04,ทาเลนท์อินเตอร์เทรด,269.64,IV2245245,โอน 4/3/68,ลงคอมพ์แล้ว,,,
2567-12-12,บจก. วีที คัลเลอร์ โปร,9416,IV6712064,โอน 4/3/68,ลงคอมพ์แล้ว,,,
2567-12-18,บจก. วีที คัลเลอร์ โปร,190064.1,IV6712085,โอน 4/3/68,ลงคอมพ์แล้ว,,,
,ร้านโสภา,9910,,โอน 31/12/67,,,,
,ร้านเจ๊แอน,53100,,โอน 4/1/68,,,,
,ร้านจิตต์ อะไหล่ Due 1 - 31/12/2567,176629.92,,โอน 10/2/68,,,,
,ร้านศรีสยาม อะไหล่ Due 1 - 31/12/2567,283444.35,,โอน 10/2/68,,,,
,ชื่อร้านค้า,ยอดรวม,เลขที่บิล,หมายเหตุ,,,,
,พีซี แมชชีนเนอรี่ แอนด์ ทูลส์ ,35096,PC68001Q01,โอน 4/1/68,ลงคอมพ์แล้ว,,,
2568-01-08,ทาเลนท์อินเตอร์เทรด,2033,IV6800413,โอน 6/4/68,ลงคอมพ์แล้ว,,,
2568-01-09,ทาเลนท์อินเตอร์เทรด,7318.8,IV6800504,โอน 6/4/68,ลงคอมพ์แล้ว,,,
2568-01-21,ทาเลนท์อินเตอร์เทรด,11000,IV6801256,โอน 6/4/68,ลงคอมพ์แล้ว,,,
2568-01-09,ไทยนครพัฒนา,21453.5,INV25010305,โอน 6/4/68,ลงคอมพ์แล้ว,,,
2568-01-09,ออโต้เทรด มาร์เก็ตติ้ง ,36166,IV1459290,โอน 11/3/68,ลงคอมพ์แล้ว,,,
2568-01-23,บจก. วีที คัลเลอร์ โปร,180295,IV6801106,โอน 6/4/68,ลงคอมพ์แล้ว,,,
2568-01-23,บจก. วีที คัลเลอร์ โปร,10272,IV6801121,โอน 6/4/68,ลงคอมพ์แล้ว,,,
,ร้านเจ๊แอน,32780,,โอน 3/2/68,,,,
,ร้านจิตต์ อะไหล่ Due 1 - 31/1/2568,269682.06,,โอน 4/3/68,,,,
,ร้านศรีสยาม อะไหล่ Due 1 - 31/1/2568,205660.81,,โอน 4/3/68,,,,
,ร้านโสภา,1400,,โอน 19/5/68,,,,
,ชื่อร้านค้า,ยอดรวม,เลขที่บิล,หมายเหตุ,,,,
2568-02-03,ทาเลนท์อินเตอร์เทรด,770.4,IV6801896,โอน 22/5/68,ลงคอมพ์แล้ว,,,
2568-02-04,ทาเลนท์อินเตอร์เทรด,5014.02,IV6801996,โอน 22/5/68,ลงคอมพ์แล้ว,,,
2568-02-18,บจก. วีที คัลเลอร์ โปร,47561.5,IV6802112,โอน 22/5/68,ลงคอมพ์แล้ว,,,
2568-02-21,บจก. วีที คัลเลอร์ โปร,10272,IV6802127,โอน 22/5/68,ลงคอมพ์แล้ว,,,
2568-02-24,บจก. วีที คัลเลอร์ โปร,50343.5,IV6802144,โอน 22/5/68,ลงคอมพ์แล้ว,,,
2568-02-24,บจก. วีที คัลเลอร์ โปร,121594.8,IV6802145,โอน 22/5/68,ลงคอมพ์แล้ว,,,
2568-02-25,บจก. วีที คัลเลอร์ โปร,1540.8,IV6802153,โอน 22/5/68,ลงคอมพ์แล้ว,,,
2568-02-13,ห้างหุ้นส่วนจำกัด พี.บี. เพ้นต์,51360,PB2025020017,โอน 6/4/68,ลงคอมพ์แล้ว,,,
2568-02-20,ไทยนครพัฒนา,21667.5,INV25020938,โอน 1/7/68,ลงคอมพ์แล้ว,,,
,ร้านเจ๊แอน,29150,,โอน 4/3/68,,,,
,ร้านจิตต์ อะไหล่ Due 1 - 28/2/2568,312074.14,,โอน 6/4/68,,,,
,ร้านศรีสยาม อะไหล่ Due 1 - 28/2/2568,136290.74,,โอน 6/4/68,,,,
2568-02-08,ค่ากิ๊บน๊อต / ร้าน 55 กิ๊บน๊อต,7000,,โอน 10/2/68,ลงคอมพ์แล้ว,,,
2568-02-28,กิ๊บน๊อต / ร้านต้นคิด   ,4291,,โอน 29/7/68,ลงคอมพ์แล้ว,,,
,ร้านโสภา,5100,,โอน 19/5/68,,,,
,ชื่อร้านค้า,ยอดรวม,เลขที่บิล,หมายเหตุ,,,,
2568-03-14,ทาเลนท์อินเตอร์เทรด,11000,IV6804438,โอน 26/6/68,ลงคอมพ์แล้ว,,,
2568-03-25,ห้างหุ้นส่วนจำกัด พี.บี. เพ้นต์,50290,BL2025030024,โอน 27/5/68,ลงคอมพ์แล้ว,,,
2568-03-19,ออโต้เทรด มาร์เก็ตติ้ง ,2311.2,IV1462679,โอน 6/4/68,ลงคอมพ์แล้ว,,,
2568-03-13,บจก. วีที คัลเลอร์ โปร,1284,IV6803094,โอน 9/6/68,ลงคอมพ์แล้ว,,,
2568-03-24,บจก. วีที คัลเลอร์ โปร,5136,IV6803162,โอน 9/6/68,ลงคอมพ์แล้ว,,,
2568-03-26,บจก. วีที คัลเลอร์ โปร,99242.5,IV6803171,โอน 9/6/68,ลงคอมพ์แล้ว,,,
2568-03-26,บจก. วีที คัลเลอร์ โปร,139185.6,IV6803172,โอน 9/6/68,ลงคอมพ์แล้ว,,,
,ร้านเจ๊แอน,45780,,โอน 5/4/68,,,,
,ร้านจิตต์ อะไหล่ Due 1 - 31/3/2568,327068.75,,โอน 10/5/68,,,,
,ร้านศรีสยาม อะไหล่ Due 1 - 31/3/2568,114586.66,,โอน 10/5/68,,,,
,ร้านโสภา,4700,,โอน 19/5/68,,,,
,ชื่อร้านค้า,ยอดรวม,เลขที่บิล,หมายเหตุ,,,,
2568-04-02,ทาเลนท์อินเตอร์เทรด,2953.2,IV6805479,โอน 7/7/68,ลงคอมพ์แล้ว,,,
2568-04-02,ทาเลนท์อินเตอร์เทรด,1284,IV6805480,โอน 7/7/68,ลงคอมพ์แล้ว,,,
2568-04-03,ทาเลนท์อินเตอร์เทรด,2953.2,IV6805575,โอน 7/7/68,ลงคอมพ์แล้ว,,,
2568-04-08,บจก. วีที คัลเลอร์ โปร,7490,IV6804059,โอน 7/7/68,ลงคอมพ์แล้ว,,,
2568-04-24,บจก. วีที คัลเลอร์ โปร,123050,IV6804121,โอน 7/7/68,ลงคอมพ์แล้ว,,,
2568-04-28,ไทยนครพัฒนา,21667.5,INV25040979,โอน 1/7/68,ลงคอมพ์แล้ว,,,
,ร้านเจ๊แอน,30080,,โอน 5/5/68,,,,
,ร้านจิตต์ อะไหล่ Due 1 - 30/4/2568,234974.51,,โอน 6/6/68,,,,
,ร้านศรีสยาม อะไหล่ Due 1 - 30/4/2568,99340.81,,โอน 6/6/68,,,,
,ร้านโสภา,3900,,โอน 19/5/68,,,,
,ชื่อร้านค้า,ยอดรวม,เลขที่บิล,หมายเหตุ,,,,
2568-05-06,บจก. วีที คัลเลอร์ โปร,7704,IV6805049,โอน 11/8/68,ลงคอมพ์แล้ว,,,
2568-05-19,บจก. วีที คัลเลอร์ โปร,3466.8,IV6805132,โอน 11/8/68,ลงคอมพ์แล้ว,,,246945.3
2568-05-21,บจก. วีที คัลเลอร์ โปร,226786.5,IV6805147,โอน 11/8/68,ลงคอมพ์แล้ว,,,
2568-05-26,บจก. วีที คัลเลอร์ โปร,8988,IV6805173,โอน 11/8/68,ลงคอมพ์แล้ว,,,
2568-05-21,ห้างหุ้นส่วนจำกัด พี.บี. เพ้นต์,51360,PB2025050032,โอน 4/8/68,ลงคอมพ์แล้ว,,,
2568-05-07,ทาเลนท์อินเตอร์เทรด ** คืนถังเปล่า 6ใบ / ใบละ 200 บาท,11000,IV6807239,โอน 17/8/68,ลงคอมพ์แล้ว,,,
,ร้านเจ๊แอน,51330,,โอน 5/6/68,,,,
,ร้านจิตต์ อะไหล่ เดือน 5/2568,289753.15,,โอน 12/7/68,,,,
,ร้านศรีสยาม อะไหล่ เดือน 5/2568,92208.39,,โอน 12/7/68,,,,
,ร้านโสภา,3800,,โอน 5/10/68,,,,
,ชื่อร้านค้า,ยอดรวม,เลขที่บิล,หมายเหตุ,,,,
2568-06-02,ทาเลนท์อินเตอร์เทรด,1592.16,IV6808617,โอน 5/10/68,ลงคอมพ์แล้ว,,,21510.21
2568-06-07,ทาเลนท์อินเตอร์เทรด,6682.15,IV6809132,โอน 5/10/68,ลงคอมพ์แล้ว,,,
2568-06-19,ทาเลนท์อินเตอร์เทรด,3477.5,IV6809791,โอน 5/10/68,ลงคอมพ์แล้ว,,,
2568-06-25,ทาเลนท์อินเตอร์เทรด,9758.4,IV6810093,โอน 5/10/68,ลงคอมพ์แล้ว,,,
2568-06-04,บจก. วีที คัลเลอร์ โปร,19153,IV6806026,,ลงคอมพ์แล้ว,,,
2568-06-10,บจก. วีที คัลเลอร์ โปร,11556,IV6806061,,ลงคอมพ์แล้ว,,,
2568-06-13,บจก. วีที คัลเลอร์ โปร,27916.3,IV6806091,,ลงคอมพ์แล้ว,,,
2568-06-25,บจก. วีที คัลเลอร์ โปร,11085.2,IV6806162,,ลงคอมพ์แล้ว,,,
2568-06-26,บจก. วีที คัลเลอร์ โปร,222346,IV6806175,,ลงคอมพ์แล้ว,,,
2568-06-27,บจก. วีที คัลเลอร์ โปร,7704,IV6806182,,ลงคอมพ์แล้ว,,,
2568-06-12,บจก. วีที คัลเลอร์ โปร -- หักคืนถังเปล่า จำนวน 7ใบ,-1498,IV6806026,,ลงคอมพ์แล้ว,,,
2568-06-07,ไทยนครพัฒนา,877.4,INV25060323,โอน 3/9/68,ลงคอมพ์แล้ว,,,
2568-06-07,ออโต้เทรด มาร์เก็ตติ้ง ,31327.46,IV1466221,โอน 7/7/68,ลงคอมพ์แล้ว,,,
2568-06-16,ห้างหุ้นส่วนจำกัด พี.บี. เพ้นต์,62060,PB2025060025,โอน 17/8/68,ลงคอมพ์แล้ว,,,
,ร้านเจ๊แอน,32680,,โอน 3/7/68,,,,
2568-06-20,ค่ากิ๊บน๊อต / ร้าน 55 กิ๊บน๊อต,1600,,โอน 20/6/68,ลงคอมพ์แล้ว,,,
,ร้านจิตต์ อะไหล่ เดือน 6/2568,181800,,โอน 11/8/68,,,,
,ร้านศรีสยาม อะไหล่ เดือน 6/2568,147017,,โอน 11/8/68,,,,
,ร้านโสภา,5700,,โอน 5/10/68,,,,
,ชื่อร้านค้า,ยอดรวม,เลขที่บิล,หมายเหตุ,,,,
2568-07-22,ห้างหุ้นส่วนจำกัด พี.บี. เพ้นต์,23540,PB2025070040,โอน 5/10/68,ลงคอมพ์แล้ว,,,
2568-07-02,ทาเลนท์อินเตอร์เทรด,11000,IV6810575,โอน 5/10/68,ลงคอมพ์แล้ว,,,
2568-07-18,ทาเลนท์อินเตอร์เทรด,4930.56,IV6811579,โอน 5/10/68,ลงคอมพ์แล้ว,,,
2568-07-23,ทาเลนท์อินเตอร์เทรด,11000,IV6811846,โอน 5/10/68,ลงคอมพ์แล้ว,,,
2568-07-02,บจก. วีที คัลเลอร์ โปร,19153,IV6807034,โอน 5/10/68,ลงคอมพ์แล้ว,,,
2568-07-18,บจก. วีที คัลเลอร์ โปร,2311.2,IV6807145,โอน 5/10/68,ลงคอมพ์แล้ว,,,
2568-07-21,บจก. วีที คัลเลอร์ โปร,17601.5,IV6807158,โอน 5/10/68,ลงคอมพ์แล้ว,,,
2568-07-21,บจก. วีที คัลเลอร์ โปร,9276.9,IV6807163,โอน 5/10/68,ลงคอมพ์แล้ว,,,
2568-07-23,บจก. วีที คัลเลอร์ โปร,100847.5,IV6807180,โอน 5/10/68,ลงคอมพ์แล้ว,,,
2568-07-24,บจก. วีที คัลเลอร์ โปร,22042,IV6807194,โอน 5/10/68,ลงคอมพ์แล้ว,,,
2568-07-31,บจก. วีที คัลเลอร์ โปร,19153,IV6807220,โอน 5/10/68,ลงคอมพ์แล้ว,,,
,ร้านเจ๊แอน,53110,,โอน 4/8/68,,,,
,ร้านจิตต์ อะไหล่ เดือน 7/2568,300813.86,,โอน 11/9/68,,,,
,ร้านศรีสยาม อะไหล่ เดือน 7/2568,127830,,โอน 11/9/68,,,,
,ร้านโสภา,6600,,โอน 5/10/68,,,,
,ชื่อร้านค้า,ยอดรวม,เลขที่บิล,หมายเหตุ,,,,
2568-08-02,ทาเลนท์อินเตอร์เทรด,834.6,IV6812358,โอน 4/12/68,ลงคอมพ์แล้ว,,,
2568-08-13,ทาเลนท์อินเตอร์เทรด,5500,IV6813011,โอน 4/12/68,ลงคอมพ์แล้ว,,,
2568-08-15,ทาเลนท์อินเตอร์เทรด,2953.2,IV6813173,โอน 4/12/68,ลงคอมพ์แล้ว,,,
2568-08-28,ออโต้เทรด มาร์เก็ตติ้ง ,6355.8,IV1470081,โอน 5/10/68,ลงคอมพ์แล้ว,,,
2568-08-02,บจก. วีที คัลเลอร์ โปร -- ใบลดหนี้ ค่าคืนถัง 2ใบ,-428,CN6808001,โอน 7/11/68,ลงคอมพ์แล้ว,,,
2568-08-13,บจก. วีที คัลเลอร์ โปร,38841,IV6808072,โอน 7/11/68,ลงคอมพ์แล้ว,,,
2568-08-19,บจก. วีที คัลเลอร์ โปร,88146.6,IV6808112,โอน 7/11/68,ลงคอมพ์แล้ว,,,
2568-08-23,บจก. วีที คัลเลอร์ โปร,72064.5,IV6808151,โอน 7/11/68,ลงคอมพ์แล้ว,,,
2568-08-23,บจก. วีที คัลเลอร์ โปร,1444.5,IV6808154,โอน 7/11/68,ลงคอมพ์แล้ว,,,
2568-08-29,บจก. วีที คัลเลอร์ โปร,2996,IV6808186,โอน 7/11/68,ลงคอมพ์แล้ว,,,
,ร้านเจ๊แอน,37910,,โอน 8/9/68,,,,
,ร้านจิตต์ อะไหล่ เดือน 8/2568,380516.25,,โอน 5/10/68,,,,
,ร้านศรีสยาม อะไหล่ เดือน 8/2568,123798.57,,โอน 5/10/68,,,,
,ร้านโสภา,2600,,โอน 5/10/68,,,,
,ชื่อร้านค้า,ยอดรวม,เลขที่บิล,หมายเหตุ,,,,
2568-09-10,ทาเลนท์อินเตอร์เทรด,11000,IV6814666,โอน 4/12/68,ลงคอมพ์แล้ว,,,
2568-09-11,ทาเลนท์อินเตอร์เทรด,2953.2,IV6814709,โอน 4/12/68,ลงคอมพ์แล้ว,,,
2568-09-17,ทาเลนท์อินเตอร์เทรด,4483.3,IV6815079,โอน 4/12/68,ลงคอมพ์แล้ว,,,
2568-09-17,ห้างหุ้นส่วนจำกัด พี.บี. เพ้นต์,3595.2,PB2025090039,โอน 5/10/68,ลงคอมพ์แล้ว,,,
2568-09-02,บจก. วีที คัลเลอร์ โปร,35930.6,IV6809023,โอน 4/12/68,ลงคอมพ์แล้ว,,,
2568-09-11,บจก. วีที คัลเลอร์ โปร,9501.6,IV6809080,โอน 4/12/68,ลงคอมพ์แล้ว,,,
2568-09-12,บจก. วีที คัลเลอร์ โปร,1540.8,IV6809085,โอน 4/12/68,ลงคอมพ์แล้ว,,,
2568-09-12,บจก. วีที คัลเลอร์ โปร,29853,IV6809088,โอน 4/12/68,ลงคอมพ์แล้ว,,,
2568-09-12,บจก. วีที คัลเลอร์ โปร -- ใบลดหนี้ คืนฮาร์ดเดนเนอร์ HYBRID PREMIUM 4:1 จำนวน 2กป.,-941.6,CN6809002,โอน 4/12/68,ลงคอมพ์แล้ว,,,
2568-09-17,บจก. วีที คัลเลอร์ โปร,152154,IV6809124,โอน 4/12/68,ลงคอมพ์แล้ว,,,
2568-09-25,บจก. วีที คัลเลอร์ โปร,30388,IV6809181,โอน 4/12/68,ลงคอมพ์แล้ว,,,
2568-09-13,ค่ากิ๊บน๊อต / ร้าน 55 กิ๊บน๊อต,6800,,โอน 19/9/68,ไม่ลงคอมพ์,,,
2568-09-13,กิ๊บน๊อต / ร้านต้นคิด   ,1550,,โอน 19/9/68,ไม่ลงคอมพ์,,,
,ร้านเจ๊แอน,37200,,โอน 5/10/68,,,,
,ร้านโสภา,4000,,โอน 5/10/68,,,,
,ร้านตั้มปากซอย,37700,,โอน 29/9/68,,,,
2568-09-22,ร้านตั้มปากซอย,13000,,โอน 22/9/68,,,,
2568-09-29,ร้านตั้มปากซอย,3000,,โอน 11/10/68,,,,
,ร้านจิตต์ อะไหล่ เดือน 9/2568,186484.54,,โอน 11/11/68,,,,
,ร้านศรีสยาม อะไหล่ เดือน 9/2568,107477.07,,โอน 11/11/68,,,,
,ชื่อร้านค้า,ยอดรวม,เลขที่บิล,หมายเหตุ,,,,
2568-10-01,บจก. วีที คัลเลอร์ โปร,64414,IV6810015,โอน 4/1/69,ลงคอมพ์แล้ว,,,
2568-10-02,บจก. วีที คัลเลอร์ โปร,8988,IV6810023,โอน 4/1/69,ลงคอมพ์แล้ว,,,
2568-10-06,บจก. วีที คัลเลอร์ โปร,1926,IV6810042,โอน 4/1/69,ลงคอมพ์แล้ว,,,
2568-10-11,บจก. วีที คัลเลอร์ โปร,8988,IV6810077,โอน 4/1/69,ลงคอมพ์แล้ว,,,
2568-10-11,บจก. วีที คัลเลอร์ โปร,11556,IV6810079,โอน 4/1/69,ลงคอมพ์แล้ว,,,
2568-10-14,บจก. วีที คัลเลอร์ โปร,5992,IV6810085,โอน 4/1/69,ลงคอมพ์แล้ว,,,
2568-10-16,บจก. วีที คัลเลอร์ โปร,47187,IV6810110,โอน 4/1/69,ลงคอมพ์แล้ว,,,
2568-10-18,บจก. วีที คัลเลอร์ โปร,8731.2,IV6810120,โอน 4/1/69,ลงคอมพ์แล้ว,,,
2568-10-24,บจก. วีที คัลเลอร์ โปร,10272,IV6810152,โอน 4/1/69,ลงคอมพ์แล้ว,,,
2568-10-27,บจก. วีที คัลเลอร์ โปร,2996,IV6810167,โอน 4/1/69,ลงคอมพ์แล้ว,,,
2568-10-24,ออโต้เทรด มาร์เก็ตติ้ง ,26429,IV1472726,โอน 16/11/68,ลงคอมพ์แล้ว,,,
2568-10-10,ทาเลนท์อินเตอร์เทรด,11000,IV6816495,โอน 6/2/69,ลงคอมพ์แล้ว,,,12129.92
2568-10-16,ทาเลนท์อินเตอร์เทรด,1129.92,IV6816789,โอน 6/2/69,ลงคอมพ์แล้ว,,,
,ร้านตั้มปากซอย,26400,,โอน 11/10/68,,,,
,ร้านตั้มปากซอย,18800,,โอน 29/10/68,,,,
,ร้านเจ๊แอน,33410,,โอน 3/11/68,,,,
,ร้านจิตต์ อะไหล่ เดือน 10/2568,218516.89,,โอน 4/12/68,,,,
,ร้านศรีสยาม อะไหล่ เดือน 10/2568,83788.79,,โอน 4/12/68,,,,
,ชื่อร้านค้า,ยอดรวม,เลขที่บิล,หมายเหตุ,,,,
2568-11-03,บจก. วีที คัลเลอร์ โปร,111975.5,IV6811023,โอน 6/2/69,ลงคอมพ์แล้ว,,,
2568-11-04,บจก. วีที คัลเลอร์ โปร,3659.4,IV6811032,โอน 6/2/69,ลงคอมพ์แล้ว,,,
2568-11-07,บจก. วีที คัลเลอร์ โปร,19153,IV6811058,โอน 6/2/69,ลงคอมพ์แล้ว,,,
2568-11-14,บจก. วีที คัลเลอร์ โปร,9244.8,IV6811111,โอน 6/2/69,ลงคอมพ์แล้ว,,,
2568-11-26,บจก. วีที คัลเลอร์ โปร,32100,IV6811186,โอน 6/2/69,ลงคอมพ์แล้ว,,,
2568-11-26,บจก. วีที คัลเลอร์ โปร,57619.5,IV6811188,โอน 6/2/69,ลงคอมพ์แล้ว,,,
2568-11-05,ทาเลนท์อินเตอร์เทรด,11000,IV6818042,โอน 27/2/69,ลงคอมพ์แล้ว,,,
2568-11-18,ทาเลนท์อินเตอร์เทรด,4675.9,IV6818818,โอน 27/2/69,ลงคอมพ์แล้ว,,,
2568-11-21,ทาเลนท์อินเตอร์เทรด,1230.5,IV6819012,โอน 27/2/69,ลงคอมพ์แล้ว,,,
2568-11-27,ทาเลนท์อินเตอร์เทรด,11000,IV6819324,โอน 27/2/69,ลงคอมพ์แล้ว,,,
2568-11-27,ทาเลนท์อินเตอร์เทรด,2884.72,IV6819334,โอน 27/2/69,ลงคอมพ์แล้ว,,,
,ร้านตั้มปากซอย,25300,,โอน 9/11/68,,,,
,ร้านเจ๊แอน,28400,,โอน 3/12/68,,,,
,ร้านจิตต์ อะไหล่ เดือน 11/2568,272780.35,,โอน 3/1/69,,,,
,ร้านศรีสยาม อะไหล่ เดือน 11/2568,99223.22,,โอน 3/1/69,,,,
,ชื่อร้านค้า,ยอดรวม,เลขที่บิล,หมายเหตุ,,,,
2568-12-08,บจก. วีที คัลเลอร์ โปร,17227,IV6812065,โอน 5/3/69,ลงคอมพ์แล้ว,,,
2568-12-17,บจก. วีที คัลเลอร์ โปร,117229.2,IV6812124,โอน 5/3/69,ลงคอมพ์แล้ว,,,
2568-12-22,บจก. วีที คัลเลอร์ โปร,6206,IV6812142,โอน 5/3/69,ลงคอมพ์แล้ว,,,
,ร้านเจ๊แอน,13650,,โอน 3/1/69,,,,
,ร้านจิตต์ อะไหล่ เดือน 12/2568,152088.82,,โอน 18/2/69,,,,
,ร้านศรีสยาม อะไหล่ เดือน 12/2568,85102.32,,โอน 18/2/69,,,,
,ชื่อร้านค้า,ยอดรวม,เลขที่บิล,หมายเหตุ,,,,
,ร้านเจ๊แอน,18560,,โอน 3/2/69,,,,
,ร้านจิตต์ อะไหล่ เดือน 1/2569,169227.75,,โอน 5/3/69,,,,
,ร้านศรีสยาม อะไหล่ เดือน 1/2569,107091.82,,โอน 5/3/69,,,,
,ชื่อร้านค้า,ยอดรวม,เลขที่บิล,หมายเหตุ,,,,
,ร้านเจ๊แอน,71270,,โอน 5/3/69,,,,
,ชื่อร้านค้า,ยอดรวม,เลขที่บิล,หมายเหตุ,,,,
2569-03-06,บจก. วีที คัลเลอร์ โปร,16050,IV6903059,,ลงคอมพ์แล้ว,,,
